# ========================================== CATEGORY ==========================================
INSERT INTO ecommerce.category (id, created_at, updated_at, icon, slug, title) VALUES (1, '2023-05-12 01:47:30', '2023-05-12 23:46:26', 'https://salt.tikicdn.com/cache/100x100/ts/category/55/5b/80/48cbaafe144c25d5065786ecace86d38.png.webp', 'thoi-trang-nu', 'Thời Trang Nữ');
INSERT INTO ecommerce.category (id, created_at, updated_at, icon, slug, title) VALUES (2, '2023-05-12 01:47:30', '2023-05-12 23:46:26', 'https://salt.tikicdn.com/cache/100x100/ts/category/00/5d/97/384ca1a678c4ee93a0886a204f47645d.png.webp', 'thoi-trang-nam', 'Thời Trang Nam');
INSERT INTO ecommerce.category (id, created_at, updated_at, icon, slug, title) VALUES (3, '2023-05-12 01:47:30', '2023-05-12 23:46:26', 'https://salt.tikicdn.com/cache/100x100/ts/category/61/d4/ea/e6ea3ffc1fcde3b6224d2bb691ea16a2.png.webp', 'nha-cua', 'Nhà Cửa');
INSERT INTO ecommerce.category (id, created_at, updated_at, icon, slug, title) VALUES (4, '2023-05-12 01:47:30', '2023-05-12 23:46:26', 'https://salt.tikicdn.com/cache/100x100/ts/category/73/0e/89/d7ca146de7198a6808580239e381a0c8.png.webp', 'suc-khoe-lam-dep', 'Sức Khỏe & Làm Đẹp');
INSERT INTO ecommerce.category (id, created_at, updated_at, icon, slug, title) VALUES (5, '2023-05-12 01:47:30', '2023-05-12 23:46:26', 'https://salt.tikicdn.com/cache/100x100/ts/category/d6/7f/6c/5d53b60efb9448b6a1609c825c29fa40.png.webp', 'giay-dep', 'Giày Dép');
INSERT INTO ecommerce.category (id, created_at, updated_at, icon, slug, title) VALUES (6, '2023-05-12 01:47:30', '2023-05-12 23:46:26', 'https://salt.tikicdn.com/cache/100x100/ts/category/31/a7/94/6524d2ecbec216816d91b6066452e3f2.png.webp', 'tui-xach', 'Túi Xách');
INSERT INTO ecommerce.category (id, created_at, updated_at, icon, slug, title) VALUES (7, '2023-05-12 01:47:30', '2023-05-12 23:46:26', 'https://salt.tikicdn.com/cache/100x100/ts/category/8b/d4/a8/5924758b5c36f3b1c43b6843f52d6dd2.png.webp', 'dong-ho', 'Đồng Hồ');
INSERT INTO ecommerce.category (id, created_at, updated_at, icon, slug, title) VALUES (8, '2023-05-12 01:47:30', '2023-05-12 23:46:26', 'https://salt.tikicdn.com/cache/100x100/ts/category/ca/53/64/49c6189a0e1c1bf7cb91b01ff6d3fe43.png.webp', 'phu-kien-thoi-trang', 'Phụ Kiện Thời Trang');
INSERT INTO ecommerce.category (id, created_at, updated_at, icon, slug, title) VALUES (9, '2023-05-12 01:47:30', '2023-05-12 23:46:26', 'https://salt.tikicdn.com/cache/100x100/ts/category/f6/22/46/7e2185d2cf1bca72d5aeac385a865b2b.png.webp', 'tan-trang-nha-cua', 'Tân Trang Nhà Cửa');
INSERT INTO ecommerce.category (id, created_at, updated_at, icon, slug, title) VALUES (10, '2023-05-12 01:47:30', '2023-05-12 23:46:26', 'https://salt.tikicdn.com/cache/100x100/ts/category/f6/22/46/7e2185d2cf1bca72d5aeac385a865b2b.png.webp', 'doi-song', 'Đời sống');
INSERT INTO ecommerce.category (id, created_at, updated_at, icon, slug, title) VALUES (11, '2023-05-12 01:47:30', '2023-05-12 23:46:26', 'https://salt.tikicdn.com/cache/100x100/ts/category/3c/e4/99/eeee1801c838468d94af9997ec2bbe42.png.webp', 'dich-vu-tien-ich', 'Dịch Vụ Tiện Ích');
INSERT INTO ecommerce.category (id, created_at, updated_at, icon, slug, title) VALUES (12, '2023-05-12 01:47:30', '2023-05-12 23:46:26', 'https://salt.tikicdn.com/cache/100x100/ts/category/75/34/29/d900f845e51e95a2c41b5b035468f959.png.webp', 'phu-kien-cong-nghe', 'Phụ kiện công nghệ');
INSERT INTO ecommerce.category (id, created_at, updated_at, icon, slug, title) VALUES (13, '2023-05-12 01:47:30', '2023-05-12 23:46:26', 'https://salt.tikicdn.com/cache/100x100/ts/category/69/f5/36/c6cd9e2849854630ed74ff1678db8f19.png.webp', 'o-to-xe-may', 'Ô tô - Xe máy');
INSERT INTO ecommerce.category (id, created_at, updated_at, icon, slug, title) VALUES (14, '2023-05-12 01:47:30', '2023-05-12 23:46:26', 'https://salt.tikicdn.com/cache/100x100/ts/category/3c/e4/99/eeee1801c838468d94af9997ec2bbe42.png.webp', 'thiet-bi-y-te', 'Thiết bị y tế');
INSERT INTO ecommerce.category (id, created_at, updated_at, icon, slug, title) VALUES (15, '2023-05-12 01:47:30', '2023-05-12 23:46:26', 'https://salt.tikicdn.com/cache/100x100/ts/category/13/64/43/226301adcc7660ffcf44a61bb6df99b7.png.webp', 'me-va-be', 'Mẹ và bé');
INSERT INTO ecommerce.category (id, created_at, updated_at, icon, slug, title) VALUES (16, '2023-05-12 01:47:30', '2023-05-12 23:46:26', 'https://salt.tikicdn.com/cache/100x100/ts/category/13/64/43/226301adcc7660ffcf44a61bb6df99b7.png.webp', 'thoi-trang-tre-em', 'Thời Trang Trẻ Em');
INSERT INTO ecommerce.category (id, created_at, updated_at, icon, slug, title) VALUES (17, '2023-05-12 01:47:30', '2023-05-12 23:46:26', 'https://salt.tikicdn.com/cache/100x100/ts/category/40/0f/9b/62a58fd19f540c70fce804e2a9bb5b2d.png.webp', 'bach-hoa-tong-hop', 'Bách Hóa Tổng Hợp');
INSERT INTO ecommerce.category (id, created_at, updated_at, icon, slug, title) VALUES (18, '2023-05-12 01:47:30', '2023-05-12 23:46:26', 'https://salt.tikicdn.com/cache/100x100/ts/category/f6/22/46/7e2185d2cf1bca72d5aeac385a865b2b.png.webp', 'thuc-pham-tuoi-song', 'Thực Phẩm Tươi Sống');
INSERT INTO ecommerce.category (id, created_at, updated_at, icon, slug, title) VALUES (19, '2023-05-12 01:47:30', '2023-05-12 23:46:26', 'https://salt.tikicdn.com/cache/100x100/ts/category/61/d4/ea/e6ea3ffc1fcde3b6224d2bb691ea16a2.png.webp', 'do-dien-gia-dung', 'Đồ điện gia dụng');
INSERT INTO ecommerce.category (id, created_at, updated_at, icon, slug, title) VALUES (20, '2023-05-12 01:47:30', '2023-05-12 23:46:26', 'https://salt.tikicdn.com/cache/100x100/ts/category/92/b5/c0/3ffdb7dbfafd5f8330783e1df20747f6.png.webp', 'dien-thoai-may-tinh-bang', 'Điện thoại - Máy tính bảng');
INSERT INTO ecommerce.category (id, created_at, updated_at, icon, slug, title) VALUES (21, '2023-05-12 01:47:30', '2023-05-12 23:46:26', 'https://salt.tikicdn.com/cache/100x100/ts/category/92/b5/c0/3ffdb7dbfafd5f8330783e1df20747f6.png.webp', 'tivi-thiet-bi-giai-tri', 'Tivi - Thiết bị giải trí');
INSERT INTO ecommerce.category (id, created_at, updated_at, icon, slug, title) VALUES (22, '2023-05-12 01:47:30', '2023-05-12 23:46:26', 'https://salt.tikicdn.com/cache/100x100/ts/category/2d/7c/45/e4976f3fa4061ab310c11d2a1b759e5b.png.webp', 'may-anh-may-quay-phim', 'Máy ảnh - Máy quay phim');
INSERT INTO ecommerce.category (id, created_at, updated_at, icon, slug, title) VALUES (23, '2023-05-12 01:47:30', '2023-05-12 23:46:26', 'https://salt.tikicdn.com/cache/100x100/ts/category/75/34/29/d900f845e51e95a2c41b5b035468f959.png.webp', 'thiet-bi-am-thanh', 'Thiết bị âm thanh');
INSERT INTO ecommerce.category (id, created_at, updated_at, icon, slug, title) VALUES (24, '2023-05-12 01:47:30', '2023-05-12 23:46:26', 'https://salt.tikicdn.com/cache/100x100/ts/category/0b/5e/3d/00941c9eb338ea62a47d5b1e042843d8.png.webp', 'the-thao-da-ngoai-giai-tri', 'Thể thao - Dã ngoại - Giải trí');
INSERT INTO ecommerce.category (id, created_at, updated_at, icon, slug, title) VALUES (25, '2023-05-12 01:47:30', '2023-05-12 23:46:26', 'https://salt.tikicdn.com/cache/100x100/ts/category/ed/20/60/afa9b3b474bf7ad70f10dd6443211d5f.png.webp', 'sach-van-phong-pham', 'Sách & Văn phòng phẩm');
INSERT INTO ecommerce.category (id, created_at, updated_at, icon, slug, title) VALUES (26, '2023-05-12 01:47:30', '2023-05-12 23:46:26', 'https://salt.tikicdn.com/cache/100x100/ts/upload/cb/64/f7/0ebb0ae297f052e34a8161c9bf8efb96.png.webp', 'vat-pham-phong-thuy', 'Vật phẩm phong thủy');
INSERT INTO ecommerce.category (id, created_at, updated_at, icon, slug, title) VALUES (27, '2023-05-12 01:47:30', '2023-05-12 23:46:26', 'https://salt.tikicdn.com/cache/100x100/ts/category/13/64/43/226301adcc7660ffcf44a61bb6df99b7.png.webp', 'cham-soc-thu-cung', 'Chăm sóc thú cưng');
INSERT INTO ecommerce.category (id, created_at, updated_at, icon, slug, title) VALUES (28, '2023-05-12 01:47:30', '2023-05-12 23:46:27', 'https://salt.tikicdn.com/cache/100x100/ts/category/8b/d4/a8/5924758b5c36f3b1c43b6843f52d6dd2.png.webp', 'trang-suc', 'Trang sức');
INSERT INTO ecommerce.category (id, created_at, updated_at, icon, slug, title) VALUES (29, '2023-05-12 01:47:30', '2023-05-12 23:46:27', 'https://salt.tikicdn.com/cache/100x100/ts/category/c8/82/d4/64c561c4ced585c74b9c292208e4995a.png.webp', 'dien-may', 'Điện máy');
INSERT INTO ecommerce.category (id, created_at, updated_at, icon, slug, title) VALUES (30, '2023-05-12 01:47:30', '2023-05-12 23:46:27', 'https://salt.tikicdn.com/cache/100x100/ts/category/13/64/43/226301adcc7660ffcf44a61bb6df99b7.png.webp', 'do-choi', 'Đồ chơi');
INSERT INTO ecommerce.category (id, created_at, updated_at, icon, slug, title) VALUES (31, '2023-05-12 01:47:30', '2023-05-12 23:46:27', 'https://salt.tikicdn.com/cache/100x100/ts/category/92/b5/c0/3ffdb7dbfafd5f8330783e1df20747f6.png.webp', 'laptop-may-tinh-thiet-bi-van-phong', 'Laptop, Máy tính & Thiết bị văn phòng');
INSERT INTO ecommerce.category (id, created_at, updated_at, icon, slug, title) VALUES (32, '2023-05-12 01:47:30', '2023-05-12 23:46:27', 'https://salt.tikicdn.com/cache/100x100/ts/category/0a/c9/7b/8e466bdf6d4a5f5e14665ce56e58631d.png.webp', 've-may-bay-du-lich', 'Vé máy bay - Du lịch');
INSERT INTO ecommerce.category (id, created_at, updated_at, icon, slug, title) VALUES (33, '2023-05-12 01:47:30', '2023-05-12 23:46:27', 'https://salt.tikicdn.com/cache/100x100/ts/category/0a/c9/7b/8e466bdf6d4a5f5e14665ce56e58631d.png.webp', 'voucher-dich-vu', 'Voucher dịch vụ');

# ========================================== SUB_CATEGORY ==========================================
INSERT INTO ecommerce.sub_category (id, created_at, updated_at, icon, slug, title, category_id) VALUES (1, '2023-05-21 22:23:43', '2023-05-21 22:23:49', null, 'dam-vay', 'Đầm, váy', 1);
INSERT INTO ecommerce.sub_category (id, created_at, updated_at, icon, slug, title, category_id) VALUES (2, '2023-05-21 22:23:43', '2023-05-21 22:23:49', null, 'ao-nu', 'Áo nữ', 1);
INSERT INTO ecommerce.sub_category (id, created_at, updated_at, icon, slug, title, category_id) VALUES (3, '2023-05-21 22:23:43', '2023-05-21 22:23:49', null, 'set-bo-jumpsuit', 'Set bộ, jumpsuit', 1);
INSERT INTO ecommerce.sub_category (id, created_at, updated_at, icon, slug, title, category_id) VALUES (4, '2023-05-21 22:23:43', '2023-05-21 22:23:49', null, 'ao-khoac-nu', 'Áo khoác nữ', 1);
INSERT INTO ecommerce.sub_category (id, created_at, updated_at, icon, slug, title, category_id) VALUES (5, '2023-05-21 22:23:43', '2023-05-21 22:23:49', null, 'do-lot-nu', 'Đồ lót nữ', 1);
INSERT INTO ecommerce.sub_category (id, created_at, updated_at, icon, slug, title, category_id) VALUES (6, '2023-05-21 22:23:43', '2023-05-21 22:23:49', null, 'quan-nu', 'Quần nữ', 1);
INSERT INTO ecommerce.sub_category (id, created_at, updated_at, icon, slug, title, category_id) VALUES (7, '2023-05-21 22:23:43', '2023-05-21 22:23:49', null, 'do-mac-nha-do-ngu', 'Đồ mặc nhà, đồ ngủ', 1);
INSERT INTO ecommerce.sub_category (id, created_at, updated_at, icon, slug, title, category_id) VALUES (8, '2023-05-21 22:23:43', '2023-05-21 22:23:49', null, 'chan-vay', 'Chân váy', 1);
INSERT INTO ecommerce.sub_category (id, created_at, updated_at, icon, slug, title, category_id) VALUES (9, '2023-05-21 22:23:43', '2023-05-21 22:23:49', null, 'do-boi-do-di-bien', 'Đồ bơi, đồ đi biển', 1);
INSERT INTO ecommerce.sub_category (id, created_at, updated_at, icon, slug, title, category_id) VALUES (10, '2023-05-21 22:23:43', '2023-05-21 22:23:49', null, 'do-doi-nam-nu', 'Đồ đôi nam nữ', 1);
INSERT INTO ecommerce.sub_category (id, created_at, updated_at, icon, slug, title, category_id) VALUES (11, '2023-05-21 22:23:43', '2023-05-21 22:23:49', null, 'quan-ao-the-thao-nu', 'Quần áo thể thao nữ', 1);
INSERT INTO ecommerce.sub_category (id, created_at, updated_at, icon, slug, title, category_id) VALUES (12, '2023-05-21 22:23:43', '2023-05-21 22:23:49', null, 'thoi-trang-trung-nien', 'Thời trang trung niên', 1);
INSERT INTO ecommerce.sub_category (id, created_at, updated_at, icon, slug, title, category_id) VALUES (13, '2023-05-21 22:23:43', '2023-05-21 22:23:49', null, 'vai-nguyen-phu-lieu-may-mac', 'Vải, nguyên phụ liệu may mặc', 1);
INSERT INTO ecommerce.sub_category (id, created_at, updated_at, icon, slug, title, category_id) VALUES (14, '2023-05-21 22:23:43', '2023-05-21 22:23:49', null, 'thoi-trang-big-size', 'Thời trang big size', 1);
INSERT INTO ecommerce.sub_category (id, created_at, updated_at, icon, slug, title, category_id) VALUES (15, '2023-05-21 22:23:43', '2023-05-21 22:23:49', null, 'thoi-trang-thiet-ke', 'Thời trang thiết kế', 1);
INSERT INTO ecommerce.sub_category (id, created_at, updated_at, icon, slug, title, category_id) VALUES (16, '2023-05-21 22:23:43', '2023-05-21 22:23:49', null, 'trang-phuc-cuoi', 'Trang phục cưới', 1);
INSERT INTO ecommerce.sub_category (id, created_at, updated_at, icon, slug, title, category_id) VALUES (17, '2023-05-21 22:23:43', '2023-05-21 22:23:49', null, 'ao-thun-ao-polo-nam', 'Áo thun, áo polo nam', 2);
INSERT INTO ecommerce.sub_category (id, created_at, updated_at, icon, slug, title, category_id) VALUES (18, '2023-05-21 22:23:43', '2023-05-21 22:23:49', null, 'ao-so-mi-nam', 'Áo sơ mi nam', 2);
INSERT INTO ecommerce.sub_category (id, created_at, updated_at, icon, slug, title, category_id) VALUES (19, '2023-05-21 22:23:43', '2023-05-21 22:23:49', null, 'ao-khoac-nam', 'Áo Khoác Nam', 2);
INSERT INTO ecommerce.sub_category (id, created_at, updated_at, icon, slug, title, category_id) VALUES (20, '2023-05-21 22:23:43', '2023-05-21 22:23:49', null, 'quan-jeans-nam', 'Quần jeans nam', 2);
INSERT INTO ecommerce.sub_category (id, created_at, updated_at, icon, slug, title, category_id) VALUES (21, '2023-05-21 22:23:43', '2023-05-21 22:23:49', null, 'quan-dai-nam', 'Quần Dài Nam', 2);
INSERT INTO ecommerce.sub_category (id, created_at, updated_at, icon, slug, title, category_id) VALUES (22, '2023-05-21 22:23:43', '2023-05-21 22:23:49', null, 'quan-shorts-nam', 'Quần shorts nam', 2);
INSERT INTO ecommerce.sub_category (id, created_at, updated_at, icon, slug, title, category_id) VALUES (23, '2023-05-21 22:23:43', '2023-05-21 22:23:49', null, 'quan-ao-the-thao-nam', 'Quần áo thể thao nam', 2);
INSERT INTO ecommerce.sub_category (id, created_at, updated_at, icon, slug, title, category_id) VALUES (24, '2023-05-21 22:23:43', '2023-05-21 22:23:49', null, 'do-lot-va-do-ngu-nam', 'Đồ lót và đồ ngủ nam', 2);
INSERT INTO ecommerce.sub_category (id, created_at, updated_at, icon, slug, title, category_id) VALUES (25, '2023-05-21 22:23:43', '2023-05-21 22:23:49', null, 'ao-vest-blazer', 'Áo vest, blazer', 2);
INSERT INTO ecommerce.sub_category (id, created_at, updated_at, icon, slug, title, category_id) VALUES (26, '2023-05-21 22:23:43', '2023-05-21 22:23:49', null, 'thoi-trang-nam-big-size', 'Thời trang nam big size', 2);
INSERT INTO ecommerce.sub_category (id, created_at, updated_at, icon, slug, title, category_id) VALUES (27, '2023-05-21 22:23:43', '2023-05-21 22:23:49', null, 'ao-dai-nam', 'Áo dài nam', 2);
INSERT INTO ecommerce.sub_category (id, created_at, updated_at, icon, slug, title, category_id) VALUES (28, '2023-05-21 22:23:43', '2023-05-21 22:23:49', null, 'do-dung-nha-bep', 'Đồ dùng nhà bếp', 3);
INSERT INTO ecommerce.sub_category (id, created_at, updated_at, icon, slug, title, category_id) VALUES (29, '2023-05-21 22:23:43', '2023-05-21 22:23:49', null, 'do-dung-phong-ngu', 'Đồ dùng phòng ngủ', 3);
INSERT INTO ecommerce.sub_category (id, created_at, updated_at, icon, slug, title, category_id) VALUES (30, '2023-05-21 22:23:43', '2023-05-21 22:23:49', null, 'do-dung-sinh-hoat', 'Đồ dùng sinh hoạt', 3);
INSERT INTO ecommerce.sub_category (id, created_at, updated_at, icon, slug, title, category_id) VALUES (31, '2023-05-21 22:23:43', '2023-05-21 22:23:49', null, 'do-dung-phong-an-uong', 'Đồ dùng phòng ăn, uống', 3);
INSERT INTO ecommerce.sub_category (id, created_at, updated_at, icon, slug, title, category_id) VALUES (32, '2023-05-21 22:23:43', '2023-05-21 22:23:49', null, 'thiet-bi-do-dung-phong-tam', 'Thiết bị & đồ dùng phòng tắm', 3);
INSERT INTO ecommerce.sub_category (id, created_at, updated_at, icon, slug, title, category_id) VALUES (33, '2023-05-21 22:23:43', '2023-05-21 22:23:49', null, 've-sinh-cham-soc-nha-cua', 'Vệ sinh, chăm sóc nhà cửa', 3);
INSERT INTO ecommerce.sub_category (id, created_at, updated_at, icon, slug, title, category_id) VALUES (34, '2023-05-21 22:23:43', '2023-05-21 22:23:49', null, 'noi-that-phong-khach', 'Nội thất phòng khách', 3);
INSERT INTO ecommerce.sub_category (id, created_at, updated_at, icon, slug, title, category_id) VALUES (35, '2023-05-21 22:23:43', '2023-05-21 22:23:49', null, 'noi-that-phong-lam-viec', 'Nội thất phòng làm việc', 3);
INSERT INTO ecommerce.sub_category (id, created_at, updated_at, icon, slug, title, category_id) VALUES (36, '2023-05-21 22:23:43', '2023-05-21 22:23:49', null, 'do-ngoai-that', 'Đồ Ngoại Thất', 3);
INSERT INTO ecommerce.sub_category (id, created_at, updated_at, icon, slug, title, category_id) VALUES (37, '2023-05-21 22:23:43', '2023-05-21 22:23:49', null, 'dung-cu-lam-banh-kem', 'Dụng cụ làm bánh, kem', 3);
INSERT INTO ecommerce.sub_category (id, created_at, updated_at, icon, slug, title, category_id) VALUES (38, '2023-05-21 22:23:43', '2023-05-21 22:23:49', null, 'noi-that-phong-ngu', 'Nội thất phòng ngủ', 3);
INSERT INTO ecommerce.sub_category (id, created_at, updated_at, icon, slug, title, category_id) VALUES (39, '2023-05-21 22:23:43', '2023-05-21 22:23:49', null, 'noi-that-bep-phong-an', 'Nội thất bếp, phòng ăn', 3);
INSERT INTO ecommerce.sub_category (id, created_at, updated_at, icon, slug, title, category_id) VALUES (40, '2023-05-21 22:23:43', '2023-05-21 22:23:49', null, 'noi-that-phong-tre-em', 'Nội thất phòng trẻ em', 3);
INSERT INTO ecommerce.sub_category (id, created_at, updated_at, icon, slug, title, category_id) VALUES (41, '2023-05-21 22:23:43', '2023-05-21 22:23:49', null, 'bo-do-an-dung-mot-lan', 'Bộ đồ ăn dùng một lần', 3);
INSERT INTO ecommerce.sub_category (id, created_at, updated_at, icon, slug, title, category_id) VALUES (42, '2023-05-21 22:23:43', '2023-05-21 22:23:49', null, 'do-dung-trong-nha-khac', 'Đồ dùng trong nhà khác', 3);
INSERT INTO ecommerce.sub_category (id, created_at, updated_at, icon, slug, title, category_id) VALUES (43, '2023-05-21 22:23:43', '2023-05-21 22:23:49', null, 'duong-da-mat', 'Dưỡng da mặt', 4);
INSERT INTO ecommerce.sub_category (id, created_at, updated_at, icon, slug, title, category_id) VALUES (44, '2023-05-21 22:23:43', '2023-05-21 22:23:49', null, 'trang-diem-moi', 'Trang điểm môi', 4);
INSERT INTO ecommerce.sub_category (id, created_at, updated_at, icon, slug, title, category_id) VALUES (45, '2023-05-21 22:23:43', '2023-05-21 22:23:49', null, 'trang-diem-mat', 'Trang điểm mặt', 4);
INSERT INTO ecommerce.sub_category (id, created_at, updated_at, icon, slug, title, category_id) VALUES (46, '2023-05-21 22:23:43', '2023-05-21 22:23:49', null, 'lam-sach-da-mat', 'Làm sạch da mặt', 4);
INSERT INTO ecommerce.sub_category (id, created_at, updated_at, icon, slug, title, category_id) VALUES (47, '2023-05-21 22:23:43', '2023-05-21 22:23:49', null, 'mat-na-duong-da', 'Mặt nạ dưỡng da', 4);
INSERT INTO ecommerce.sub_category (id, created_at, updated_at, icon, slug, title, category_id) VALUES (48, '2023-05-21 22:23:43', '2023-05-21 22:23:49', null, 'trang-diem-doi-mat', 'Trang điểm đôi mắt', 4);
INSERT INTO ecommerce.sub_category (id, created_at, updated_at, icon, slug, title, category_id) VALUES (49, '2023-05-21 22:23:43', '2023-05-21 22:23:49', null, 'tri-lieu-chuyen-sau-da-mat', 'Trị liệu chuyên sâu da mặt', 4);
INSERT INTO ecommerce.sub_category (id, created_at, updated_at, icon, slug, title, category_id) VALUES (50, '2023-05-21 22:23:43', '2023-05-21 22:23:49', null, 'tam-cham-soc-co-the', 'Tắm & chăm sóc cơ thể', 4);
INSERT INTO ecommerce.sub_category (id, created_at, updated_at, icon, slug, title, category_id) VALUES (51, '2023-05-21 22:23:43', '2023-05-21 22:23:49', null, 'cham-soc-toc', 'Chăm sóc tóc', 4);
INSERT INTO ecommerce.sub_category (id, created_at, updated_at, icon, slug, title, category_id) VALUES (52, '2023-05-21 22:23:43', '2023-05-21 22:23:49', null, 'my-pham-nam', 'Mỹ phẩm nam', 4);
INSERT INTO ecommerce.sub_category (id, created_at, updated_at, icon, slug, title, category_id) VALUES (53, '2023-05-21 22:23:43', '2023-05-21 22:23:49', null, 'nuoc-hoa', 'Nước hoa', 4);
INSERT INTO ecommerce.sub_category (id, created_at, updated_at, icon, slug, title, category_id) VALUES (54, '2023-05-21 22:23:43', '2023-05-21 22:23:49', null, 'my-pham-handmade-organic', 'Mỹ phẩm Handmade & Organic', 4);
INSERT INTO ecommerce.sub_category (id, created_at, updated_at, icon, slug, title, category_id) VALUES (55, '2023-05-21 22:23:43', '2023-05-21 22:23:49', null, 'thuc-pham-chuc-nang', 'Thực phẩm chức năng', 4);
INSERT INTO ecommerce.sub_category (id, created_at, updated_at, icon, slug, title, category_id) VALUES (56, '2023-05-21 22:23:43', '2023-05-21 22:23:49', null, 'thiet-bi-dung-cu-cham-soc-ca-nhan', 'Thiết bị & dụng cụ chăm sóc cá nhân', 4);
INSERT INTO ecommerce.sub_category (id, created_at, updated_at, icon, slug, title, category_id) VALUES (57, '2023-05-21 22:23:43', '2023-05-21 22:23:49', null, 'dung-cu-trang-diem', 'Dụng cụ trang điểm', 4);
INSERT INTO ecommerce.sub_category (id, created_at, updated_at, icon, slug, title, category_id) VALUES (58, '2023-05-21 22:23:43', '2023-05-21 22:23:49', null, 'cham-soc-rang-mieng', 'Chăm sóc răng miệng', 4);
INSERT INTO ecommerce.sub_category (id, created_at, updated_at, icon, slug, title, category_id) VALUES (59, '2023-05-21 22:23:43', '2023-05-21 22:23:49', null, 'cham-soc-mong', 'Chăm sóc móng', 4);
INSERT INTO ecommerce.sub_category (id, created_at, updated_at, icon, slug, title, category_id) VALUES (60, '2023-05-21 22:23:43', '2023-05-21 22:23:49', null, 'cham-soc-phu-nu', 'Chăm sóc phụ nữ', 4);
INSERT INTO ecommerce.sub_category (id, created_at, updated_at, icon, slug, title, category_id) VALUES (61, '2023-05-21 22:23:43', '2023-05-21 22:23:49', null, 'san-pham-ho-tro-tinh-duc', 'Sản phẩm hỗ trợ tình dục', 4);
INSERT INTO ecommerce.sub_category (id, created_at, updated_at, icon, slug, title, category_id) VALUES (62, '2023-05-21 22:23:43', '2023-05-21 22:23:49', null, 'dinh-duong-the-thao-protein', 'Dinh dưỡng thể thao, protein', 4);
INSERT INTO ecommerce.sub_category (id, created_at, updated_at, icon, slug, title, category_id) VALUES (63, '2023-05-21 22:23:43', '2023-05-21 22:23:49', null, 'dep-nu', 'Dép nữ', 5);
INSERT INTO ecommerce.sub_category (id, created_at, updated_at, icon, slug, title, category_id) VALUES (64, '2023-05-21 22:23:43', '2023-05-21 22:23:49', null, 'giay-cao-got-nu', 'Giày cao gót nữ', 5);
INSERT INTO ecommerce.sub_category (id, created_at, updated_at, icon, slug, title, category_id) VALUES (65, '2023-05-21 22:23:43', '2023-05-21 22:23:49', null, 'giay-sandal-nu', 'Giày sandal nữ', 5);
INSERT INTO ecommerce.sub_category (id, created_at, updated_at, icon, slug, title, category_id) VALUES (66, '2023-05-21 22:23:43', '2023-05-21 22:23:49', null, 'giay-sneaker-the-thao-nam', 'Giày sneaker/thể thao nam', 5);
INSERT INTO ecommerce.sub_category (id, created_at, updated_at, icon, slug, title, category_id) VALUES (67, '2023-05-21 22:23:43', '2023-05-21 22:23:49', null, 'giay-luoi-giay-moi-nam', 'Giày lười, giày mọi nam', 5);
INSERT INTO ecommerce.sub_category (id, created_at, updated_at, icon, slug, title, category_id) VALUES (68, '2023-05-21 22:23:43', '2023-05-21 22:23:49', null, 'giay-sneaker-the-thao-nu', 'Giày sneaker/thể thao nữ', 5);
INSERT INTO ecommerce.sub_category (id, created_at, updated_at, icon, slug, title, category_id) VALUES (69, '2023-05-21 22:23:43', '2023-05-21 22:23:49', null, 'dep-nam', 'Dép nam', 5);
INSERT INTO ecommerce.sub_category (id, created_at, updated_at, icon, slug, title, category_id) VALUES (70, '2023-05-21 22:23:43', '2023-05-21 22:23:49', null, 'giay-the-thao-chuyen-dung', 'Giày thể thao chuyên dụng', 5);
INSERT INTO ecommerce.sub_category (id, created_at, updated_at, icon, slug, title, category_id) VALUES (71, '2023-05-21 22:23:43', '2023-05-21 22:23:49', null, 'giay-tay-nam', 'Giày tây nam', 5);
INSERT INTO ecommerce.sub_category (id, created_at, updated_at, icon, slug, title, category_id) VALUES (72, '2023-05-21 22:23:43', '2023-05-21 22:23:49', null, 'giay-luoi-giay-moi-slip-on-nu', 'Giày lười, giày mọi, slip-on nữ', 5);
INSERT INTO ecommerce.sub_category (id, created_at, updated_at, icon, slug, title, category_id) VALUES (73, '2023-05-21 22:23:43', '2023-05-21 22:23:49', null, 'giay-boot-nu', 'Giày boot nữ', 5);
INSERT INTO ecommerce.sub_category (id, created_at, updated_at, icon, slug, title, category_id) VALUES (74, '2023-05-21 22:23:43', '2023-05-21 22:23:49', null, 'giay-tang-chieu-cao-nam', 'Giày tăng chiều cao nam', 5);
INSERT INTO ecommerce.sub_category (id, created_at, updated_at, icon, slug, title, category_id) VALUES (75, '2023-05-21 22:23:43', '2023-05-21 22:23:49', null, 'giay-dep-unisex', 'Giày, dép unisex', 5);
INSERT INTO ecommerce.sub_category (id, created_at, updated_at, icon, slug, title, category_id) VALUES (76, '2023-05-21 22:23:43', '2023-05-21 22:23:49', null, 'giay-dep-nhua-di-mua', 'Giày, dép nhựa đi mưa', 5);
INSERT INTO ecommerce.sub_category (id, created_at, updated_at, icon, slug, title, category_id) VALUES (77, '2023-05-21 22:23:43', '2023-05-21 22:23:49', null, 'giay-dep-nu-big-size', 'Giày, dép nữ big size', 5);
INSERT INTO ecommerce.sub_category (id, created_at, updated_at, icon, slug, title, category_id) VALUES (78, '2023-05-21 22:23:43', '2023-05-21 22:23:49', null, 'giay-dep-nam-big-size', 'Giày, dép nam big size', 5);
INSERT INTO ecommerce.sub_category (id, created_at, updated_at, icon, slug, title, category_id) VALUES (79, '2023-05-21 22:23:43', '2023-05-21 22:23:49', null, 'giay-nam-khac', 'Giày nam khác', 5);
INSERT INTO ecommerce.sub_category (id, created_at, updated_at, icon, slug, title, category_id) VALUES (80, '2023-05-21 22:23:43', '2023-05-21 22:23:49', null, 'giay-nu-khac', 'Giày nữ khác', 5);
INSERT INTO ecommerce.sub_category (id, created_at, updated_at, icon, slug, title, category_id) VALUES (81, '2023-05-21 22:23:43', '2023-05-21 22:23:49', null, 'phu-kien-giay-dep', 'Phụ kiện giày dép', 5);
INSERT INTO ecommerce.sub_category (id, created_at, updated_at, icon, slug, title, category_id) VALUES (82, '2023-05-21 22:23:43', '2023-05-21 22:23:49', null, 'balo', 'Balo', 6);
INSERT INTO ecommerce.sub_category (id, created_at, updated_at, icon, slug, title, category_id) VALUES (83, '2023-05-21 22:23:43', '2023-05-21 22:23:49', null, 'tui-xach-nu', 'Túi xách nữ', 6);
INSERT INTO ecommerce.sub_category (id, created_at, updated_at, icon, slug, title, category_id) VALUES (84, '2023-05-21 22:23:43', '2023-05-21 22:23:49', null, 'vi-bop-nam', 'Ví, bóp nam', 6);
INSERT INTO ecommerce.sub_category (id, created_at, updated_at, icon, slug, title, category_id) VALUES (85, '2023-05-21 22:23:43', '2023-05-21 22:23:49', null, 'tui-xach-nam', 'Túi xách nam', 6);
INSERT INTO ecommerce.sub_category (id, created_at, updated_at, icon, slug, title, category_id) VALUES (86, '2023-05-21 22:23:43', '2023-05-21 22:23:49', null, 'vi-bop-nu', 'Ví, bóp nữ', 6);
INSERT INTO ecommerce.sub_category (id, created_at, updated_at, icon, slug, title, category_id) VALUES (87, '2023-05-21 22:23:43', '2023-05-21 22:23:49', null, 'vali-tui-xach-du-lich', 'Vali - Túi xách du lịch', 6);
INSERT INTO ecommerce.sub_category (id, created_at, updated_at, icon, slug, title, category_id) VALUES (88, '2023-05-21 22:23:43', '2023-05-21 22:23:49', null, 'tui-laptop-ipad-dien-thoai', 'Túi laptop, ipad, điện thoại', 6);
INSERT INTO ecommerce.sub_category (id, created_at, updated_at, icon, slug, title, category_id) VALUES (89, '2023-05-21 22:23:43', '2023-05-21 22:23:49', null, 'dong-ho-nam', 'Đồng hồ nam', 7);
INSERT INTO ecommerce.sub_category (id, created_at, updated_at, icon, slug, title, category_id) VALUES (90, '2023-05-21 22:23:43', '2023-05-21 22:23:49', null, 'dong-ho-nu', 'Đồng hồ nữ', 7);
INSERT INTO ecommerce.sub_category (id, created_at, updated_at, icon, slug, title, category_id) VALUES (91, '2023-05-21 22:23:43', '2023-05-21 22:23:49', null, 'dong-ho-doi', 'Đồng hồ đôi', 7);
INSERT INTO ecommerce.sub_category (id, created_at, updated_at, icon, slug, title, category_id) VALUES (92, '2023-05-21 22:23:43', '2023-05-21 22:23:49', null, 'dong-ho-tre-em', 'Đồng hồ trẻ em', 7);
INSERT INTO ecommerce.sub_category (id, created_at, updated_at, icon, slug, title, category_id) VALUES (93, '2023-05-21 22:23:43', '2023-05-21 22:23:49', null, 'dong-ho-khac', 'Đồng hồ khác', 7);
INSERT INTO ecommerce.sub_category (id, created_at, updated_at, icon, slug, title, category_id) VALUES (94, '2023-05-21 22:23:43', '2023-05-21 22:23:49', null, 'phu-kien-dong-ho', 'Phụ kiện đồng hồ', 7);
INSERT INTO ecommerce.sub_category (id, created_at, updated_at, icon, slug, title, category_id) VALUES (95, '2023-05-21 22:23:43', '2023-05-21 22:23:49', null, 'phu-kien-thoi-trang-nu', 'Phụ kiện thời trang nữ', 8);
INSERT INTO ecommerce.sub_category (id, created_at, updated_at, icon, slug, title, category_id) VALUES (96, '2023-05-21 22:23:43', '2023-05-21 22:23:49', null, 'mat-kinh-nam-nu', 'Mắt kính nam nữ', 8);
INSERT INTO ecommerce.sub_category (id, created_at, updated_at, icon, slug, title, category_id) VALUES (97, '2023-05-21 22:23:43', '2023-05-21 22:23:49', null, 'phu-kien-toc-nu', 'Phụ kiện tóc nữ', 8);
INSERT INTO ecommerce.sub_category (id, created_at, updated_at, icon, slug, title, category_id) VALUES (98, '2023-05-21 22:23:43', '2023-05-21 22:23:49', null, 'non', 'Nón', 8);
INSERT INTO ecommerce.sub_category (id, created_at, updated_at, icon, slug, title, category_id) VALUES (99, '2023-05-21 22:23:43', '2023-05-21 22:23:49', null, 'that-lung', 'Thắt Lưng', 8);
INSERT INTO ecommerce.sub_category (id, created_at, updated_at, icon, slug, title, category_id) VALUES (100, '2023-05-21 22:23:43', '2023-05-21 22:23:49', null, 'phu-kien-thoi-trang-nam', 'Phụ kiện thời trang nam', 8);
INSERT INTO ecommerce.sub_category (id, created_at, updated_at, icon, slug, title, category_id) VALUES (101, '2023-05-21 22:23:43', '2023-05-21 22:23:49', null, 'dung-cu-cam-tay', 'Dụng cụ cầm tay', 9);
INSERT INTO ecommerce.sub_category (id, created_at, updated_at, icon, slug, title, category_id) VALUES (102, '2023-05-21 22:23:43', '2023-05-21 22:23:49', null, 'may-co-khi-va-che-tao', 'Máy cơ khí và chế tạo', 9);
INSERT INTO ecommerce.sub_category (id, created_at, updated_at, icon, slug, title, category_id) VALUES (103, '2023-05-21 22:23:43', '2023-05-21 22:23:49', null, 'dung-cu-lam-vuon', 'Dụng cụ làm vườn', 9);
INSERT INTO ecommerce.sub_category (id, created_at, updated_at, icon, slug, title, category_id) VALUES (104, '2023-05-21 22:23:43', '2023-05-21 22:23:49', null, 'cac-loai-den', 'Các loại đèn', 9);
INSERT INTO ecommerce.sub_category (id, created_at, updated_at, icon, slug, title, category_id) VALUES (105, '2023-05-21 22:23:43', '2023-05-21 22:23:49', null, 'thiet-bi-dien-va-phu-kien', 'Thiết bị điện và phụ kiện', 9);
INSERT INTO ecommerce.sub_category (id, created_at, updated_at, icon, slug, title, category_id) VALUES (106, '2023-05-21 22:23:43', '2023-05-21 22:23:49', null, 'linh-kien-dien-tu', 'Linh kiện điện tử', 9);
INSERT INTO ecommerce.sub_category (id, created_at, updated_at, icon, slug, title, category_id) VALUES (107, '2023-05-21 22:23:43', '2023-05-21 22:23:49', null, 'phu-kien-may-co-khi-va-che-tao', 'Phụ kiện máy cơ khí và chế tạo', 9);
INSERT INTO ecommerce.sub_category (id, created_at, updated_at, icon, slug, title, category_id) VALUES (108, '2023-05-21 22:23:43', '2023-05-21 22:23:49', null, 'bong-den-va-phu-kien-den', 'Bóng đèn và phụ kiện đèn', 9);
INSERT INTO ecommerce.sub_category (id, created_at, updated_at, icon, slug, title, category_id) VALUES (109, '2023-05-21 22:23:43', '2023-05-21 22:23:49', null, 'thiet-bi-do-luong', 'Thiết bị đo lường', 9);
INSERT INTO ecommerce.sub_category (id, created_at, updated_at, icon, slug, title, category_id) VALUES (110, '2023-05-21 22:23:43', '2023-05-21 22:23:49', null, 'thiet-bi-an-ninh', 'Thiết bị an ninh', 9);
INSERT INTO ecommerce.sub_category (id, created_at, updated_at, icon, slug, title, category_id) VALUES (111, '2023-05-21 22:23:43', '2023-05-21 22:23:49', null, 'thiet-bi-nuoc', 'Thiết bị nước', 9);
INSERT INTO ecommerce.sub_category (id, created_at, updated_at, icon, slug, title, category_id) VALUES (112, '2023-05-21 22:23:43', '2023-05-21 22:23:49', null, 'dung-cu-xay-dung-cho-gia-dinh', 'Dụng cụ xây dựng cho gia đình', 9);
INSERT INTO ecommerce.sub_category (id, created_at, updated_at, icon, slug, title, category_id) VALUES (113, '2023-05-21 22:23:43', '2023-05-21 22:23:49', null, 'bao-ho-lao-dong', 'Bảo hộ lao động', 9);
INSERT INTO ecommerce.sub_category (id, created_at, updated_at, icon, slug, title, category_id) VALUES (114, '2023-05-21 22:23:43', '2023-05-21 22:23:49', null, 'do-kim-khi', 'Đồ kim khí', 9);
INSERT INTO ecommerce.sub_category (id, created_at, updated_at, icon, slug, title, category_id) VALUES (115, '2023-05-21 22:23:43', '2023-05-21 22:23:49', null, 'thiet-bi-nang-do', 'Thiết bị nâng đỡ', 9);
INSERT INTO ecommerce.sub_category (id, created_at, updated_at, icon, slug, title, category_id) VALUES (116, '2023-05-21 22:23:43', '2023-05-21 22:23:49', null, 'thiet-bi-va-dung-cu-pccc', 'Thiết bị và dụng cụ PCCC', 9);
INSERT INTO ecommerce.sub_category (id, created_at, updated_at, icon, slug, title, category_id) VALUES (117, '2023-05-21 22:23:43', '2023-05-21 22:23:49', null, 'tan-trang-nha-cua-khac', 'Tân trang nhà cửa khác', 9);
INSERT INTO ecommerce.sub_category (id, created_at, updated_at, icon, slug, title, category_id) VALUES (118, '2023-05-21 22:23:43', '2023-05-21 22:23:49', null, 'trang-tri-nha-cua', 'Trang trí nhà cửa', 10);
INSERT INTO ecommerce.sub_category (id, created_at, updated_at, icon, slug, title, category_id) VALUES (119, '2023-05-21 22:23:43', '2023-05-21 22:23:49', null, 'qua-tang-hang-thu-cong', 'Quà tặng, hàng thủ công', 10);
INSERT INTO ecommerce.sub_category (id, created_at, updated_at, icon, slug, title, category_id) VALUES (120, '2023-05-21 22:23:43', '2023-05-21 22:23:49', null, 'hoa-cay-canh', 'Hoa, Cây cảnh', 10);
INSERT INTO ecommerce.sub_category (id, created_at, updated_at, icon, slug, title, category_id) VALUES (121, '2023-05-21 22:23:43', '2023-05-21 22:23:49', null, 'nen-va-san-pham-lam-thom-phong', 'Nến và sản phẩm làm thơm phòng', 10);
INSERT INTO ecommerce.sub_category (id, created_at, updated_at, icon, slug, title, category_id) VALUES (122, '2023-05-21 22:23:43', '2023-05-21 22:23:49', null, 'trang-tri-ban', 'Trang trí bàn', 10);
INSERT INTO ecommerce.sub_category (id, created_at, updated_at, icon, slug, title, category_id) VALUES (123, '2023-05-21 22:23:43', '2023-05-21 22:23:49', null, 'trang-tri-tiec-va-su-kien', 'Trang trí tiệc và sự kiện', 10);
INSERT INTO ecommerce.sub_category (id, created_at, updated_at, icon, slug, title, category_id) VALUES (124, '2023-05-21 22:23:43', '2023-05-21 22:23:49', null, 'nguyen-vat-lieu-lam-do-handmade', 'Nguyên vật liệu làm đồ handmade', 10);
INSERT INTO ecommerce.sub_category (id, created_at, updated_at, icon, slug, title, category_id) VALUES (125, '2023-05-21 22:23:43', '2023-05-21 22:23:49', null, 'dung-cu-lam-do-handmade', 'Dụng cụ làm đồ handmade', 10);
INSERT INTO ecommerce.sub_category (id, created_at, updated_at, icon, slug, title, category_id) VALUES (126, '2023-05-21 22:23:43', '2023-05-21 22:23:49', null, 'trang-tri-cua-so-loi-di', 'Trang trí cửa sổ, lối đi', 10);
INSERT INTO ecommerce.sub_category (id, created_at, updated_at, icon, slug, title, category_id) VALUES (127, '2023-05-21 22:23:43', '2023-05-21 22:23:49', null, 'tien-ich-noi-bat', 'Tiện Ích Nổi Bật', 11);
INSERT INTO ecommerce.sub_category (id, created_at, updated_at, icon, slug, title, category_id) VALUES (128, '2023-05-21 22:23:43', '2023-05-21 22:23:49', null, 'tien-ich-dien-thoai', 'Tiện Ích Điện Thoại', 11);
INSERT INTO ecommerce.sub_category (id, created_at, updated_at, icon, slug, title, category_id) VALUES (129, '2023-05-21 22:23:43', '2023-05-21 22:23:49', null, 'thanh-toan-hoa-don', 'Thanh Toán Hóa đơn', 11);
INSERT INTO ecommerce.sub_category (id, created_at, updated_at, icon, slug, title, category_id) VALUES (130, '2023-05-21 22:23:43', '2023-05-21 22:23:49', null, 'du-lich-giai-tri', 'Du Lịch - Giải Trí', 11);
INSERT INTO ecommerce.sub_category (id, created_at, updated_at, icon, slug, title, category_id) VALUES (131, '2023-05-21 22:23:43', '2023-05-21 22:23:49', null, 'tai-chinh', 'Tài chính', 11);
INSERT INTO ecommerce.sub_category (id, created_at, updated_at, icon, slug, title, category_id) VALUES (132, '2023-05-21 22:23:43', '2023-05-21 22:23:49', null, 'quyen-gop', 'Quyên góp', 11);
INSERT INTO ecommerce.sub_category (id, created_at, updated_at, icon, slug, title, category_id) VALUES (133, '2023-05-21 22:23:43', '2023-05-21 22:23:49', null, 'op-lung-bao-da-dien-thoai-may-tinh-bang', 'Ốp lưng, bao da điện thoại, máy tính bảng', 12);
INSERT INTO ecommerce.sub_category (id, created_at, updated_at, icon, slug, title, category_id) VALUES (134, '2023-05-21 22:23:43', '2023-05-21 22:23:49', null, 'sac-dien-thoai-may-tinh-bang', 'Sạc điện thoại, máy tính bảng', 12);
INSERT INTO ecommerce.sub_category (id, created_at, updated_at, icon, slug, title, category_id) VALUES (135, '2023-05-21 22:23:43', '2023-05-21 22:23:49', null, 'phu-kien-dien-thoai-may-tinh-bang', 'Phụ kiện điện thoại, máy tính bảng', 12);
INSERT INTO ecommerce.sub_category (id, created_at, updated_at, icon, slug, title, category_id) VALUES (136, '2023-05-21 22:23:43', '2023-05-21 22:23:49', null, 'thiet-bi-deo-cong-nghe', 'Thiết bị đeo công nghệ', 12);
INSERT INTO ecommerce.sub_category (id, created_at, updated_at, icon, slug, title, category_id) VALUES (137, '2023-05-21 22:23:43', '2023-05-21 22:23:49', null, 'thiet-bi-luu-tru', 'Thiết bị lưu trữ', 12);
INSERT INTO ecommerce.sub_category (id, created_at, updated_at, icon, slug, title, category_id) VALUES (138, '2023-05-21 22:23:43', '2023-05-21 22:23:49', null, 'thiet-bi-mang', 'Thiết bị mạng', 12);
INSERT INTO ecommerce.sub_category (id, created_at, updated_at, icon, slug, title, category_id) VALUES (139, '2023-05-21 22:23:43', '2023-05-21 22:23:49', null, 'phu-kien-cong-nghe-khac', 'Phụ kiện công nghệ khác', 12);
INSERT INTO ecommerce.sub_category (id, created_at, updated_at, icon, slug, title, category_id) VALUES (140, '2023-05-21 22:23:43', '2023-05-21 22:23:49', null, 'sim-card-dung-cu-chuyen-doi-sim', 'SIM card, dụng cụ chuyển đổi SIM', 12);
INSERT INTO ecommerce.sub_category (id, created_at, updated_at, icon, slug, title, category_id) VALUES (141, '2023-05-21 22:23:43', '2023-05-21 22:23:49', null, 'linh-kien-dien-thoai-may-tinh-bang', 'Linh kiện điện thoại, máy tính bảng', 12);
INSERT INTO ecommerce.sub_category (id, created_at, updated_at, icon, slug, title, category_id) VALUES (142, '2023-05-21 22:23:43', '2023-05-21 22:23:49', null, 'cap-sac-cap-ket-noi', 'Cáp sạc, cáp kết nối', 12);
INSERT INTO ecommerce.sub_category (id, created_at, updated_at, icon, slug, title, category_id) VALUES (143, '2023-05-21 22:23:43', '2023-05-21 22:23:49', null, 'motor-xe-may-xe-dap-dien', 'Motor, xe máy, xe đạp điện', 13);
INSERT INTO ecommerce.sub_category (id, created_at, updated_at, icon, slug, title, category_id) VALUES (144, '2023-05-21 22:23:43', '2023-05-21 22:23:49', null, 'xe-o-to', 'Xe ô tô', 13);
INSERT INTO ecommerce.sub_category (id, created_at, updated_at, icon, slug, title, category_id) VALUES (145, '2023-05-21 22:23:43', '2023-05-21 22:23:49', null, 'phu-tung-xe-may', 'Phụ tùng xe máy', 13);
INSERT INTO ecommerce.sub_category (id, created_at, updated_at, icon, slug, title, category_id) VALUES (146, '2023-05-21 22:23:43', '2023-05-21 22:23:49', null, 'thiet-bi-so-cho-o-to', 'Thiết bị số cho ô tô', 13);
INSERT INTO ecommerce.sub_category (id, created_at, updated_at, icon, slug, title, category_id) VALUES (147, '2023-05-21 22:23:43', '2023-05-21 22:23:49', null, 'phu-kien-ben-trong-o-to', 'Phụ kiện bên trong ô tô', 13);
INSERT INTO ecommerce.sub_category (id, created_at, updated_at, icon, slug, title, category_id) VALUES (148, '2023-05-21 22:23:43', '2023-05-21 22:23:49', null, 'phu-kien-ben-ngoai-o-to-phu-tung', 'Phụ kiện bên ngoài ô tô, phụ tùng', 13);
INSERT INTO ecommerce.sub_category (id, created_at, updated_at, icon, slug, title, category_id) VALUES (149, '2023-05-21 22:23:43', '2023-05-21 22:23:49', null, 'thiet-bi-dinh-vi-cam-bien', 'Thiết bị định vị, cảm biến', 13);
INSERT INTO ecommerce.sub_category (id, created_at, updated_at, icon, slug, title, category_id) VALUES (150, '2023-05-21 22:23:43', '2023-05-21 22:23:49', null, 'do-bao-ho-mo-to-xe-may', 'Đồ bảo hộ mô tô, xe máy', 13);
INSERT INTO ecommerce.sub_category (id, created_at, updated_at, icon, slug, title, category_id) VALUES (151, '2023-05-21 22:23:43', '2023-05-21 22:23:49', null, 'cham-soc-va-bao-duong-o-to-xe-may', 'Chăm sóc và bảo dưỡng ô tô, xe máy', 13);
INSERT INTO ecommerce.sub_category (id, created_at, updated_at, icon, slug, title, category_id) VALUES (152, '2023-05-21 22:23:43', '2023-05-21 22:23:49', null, 'den-xe-may', 'Đèn xe máy', 13);
INSERT INTO ecommerce.sub_category (id, created_at, updated_at, icon, slug, title, category_id) VALUES (153, '2023-05-21 22:23:43', '2023-05-21 22:23:49', null, 'banh-xe-lop-xe-may', 'Bánh xe, lốp xe máy', 13);
INSERT INTO ecommerce.sub_category (id, created_at, updated_at, icon, slug, title, category_id) VALUES (154, '2023-05-21 22:23:43', '2023-05-21 22:23:49', null, 'phu-kien-do-choi-xe-may', 'Phụ kiện, đồ chơi xe máy', 13);
INSERT INTO ecommerce.sub_category (id, created_at, updated_at, icon, slug, title, category_id) VALUES (155, '2023-05-21 22:23:43', '2023-05-21 22:23:49', null, 'he-thong-co-dien-nhien-lieu-bo-loc', 'Hệ thống cơ điện, nhiên liệu, bộ lọc', 13);
INSERT INTO ecommerce.sub_category (id, created_at, updated_at, icon, slug, title, category_id) VALUES (156, '2023-05-21 22:23:43', '2023-05-21 22:23:49', null, 'cham-soc-suc-khoe', 'Chăm sóc sức khỏe', 14);
INSERT INTO ecommerce.sub_category (id, created_at, updated_at, icon, slug, title, category_id) VALUES (157, '2023-05-21 22:23:43', '2023-05-21 22:23:49', null, 'thiet-bi-massage', 'Thiết bị massage', 14);
INSERT INTO ecommerce.sub_category (id, created_at, updated_at, icon, slug, title, category_id) VALUES (158, '2023-05-21 22:23:43', '2023-05-21 22:23:49', null, 'vat-tu-y-te', 'Vật tư y tế', 14);
INSERT INTO ecommerce.sub_category (id, created_at, updated_at, icon, slug, title, category_id) VALUES (159, '2023-05-21 22:23:43', '2023-05-21 22:23:49', null, 'dung-cu-chuyen-khoa', 'Dụng cụ chuyên khoa', 14);
INSERT INTO ecommerce.sub_category (id, created_at, updated_at, icon, slug, title, category_id) VALUES (160, '2023-05-21 22:23:43', '2023-05-21 22:23:49', null, 'may-moc-y-te', 'Máy móc y tế', 14);
INSERT INTO ecommerce.sub_category (id, created_at, updated_at, icon, slug, title, category_id) VALUES (161, '2023-05-21 22:23:43', '2023-05-21 22:23:49', null, 'dung-cu-vat-ly-tri-lieu', 'Dụng cụ vật lý trị liệu', 14);
INSERT INTO ecommerce.sub_category (id, created_at, updated_at, icon, slug, title, category_id) VALUES (162, '2023-05-21 22:23:43', '2023-05-21 22:23:49', null, 'thiet-bi-y-te-khac', 'Thiết bị y tế khác', 14);
INSERT INTO ecommerce.sub_category (id, created_at, updated_at, icon, slug, title, category_id) VALUES (163, '2023-05-21 22:23:43', '2023-05-21 22:23:49', null, 'bim-ta-ve-sinh', 'Bỉm, Tã, Vệ sinh', 15);
INSERT INTO ecommerce.sub_category (id, created_at, updated_at, icon, slug, title, category_id) VALUES (164, '2023-05-21 22:23:43', '2023-05-21 22:23:49', null, 'cham-soc-suc-khoe-va-an-toan', 'Chăm sóc sức khỏe và an toàn', 15);
INSERT INTO ecommerce.sub_category (id, created_at, updated_at, icon, slug, title, category_id) VALUES (165, '2023-05-21 22:23:43', '2023-05-21 22:23:49', null, 'sua-va-thuc-an-dam', 'Sữa và thức ăn dặm', 15);
INSERT INTO ecommerce.sub_category (id, created_at, updated_at, icon, slug, title, category_id) VALUES (166, '2023-05-21 22:23:43', '2023-05-21 22:23:49', null, 'dung-cu-an-uong', 'Dụng cụ ăn uống', 15);
INSERT INTO ecommerce.sub_category (id, created_at, updated_at, icon, slug, title, category_id) VALUES (167, '2023-05-21 22:23:43', '2023-05-21 22:23:49', null, 'do-cho-be-ra-ngoai', 'Đồ cho bé ra ngoài', 15);
INSERT INTO ecommerce.sub_category (id, created_at, updated_at, icon, slug, title, category_id) VALUES (168, '2023-05-21 22:23:43', '2023-05-21 22:23:49', null, 'thoi-trang-me-bau', 'Thời trang mẹ bầu', 15);
INSERT INTO ecommerce.sub_category (id, created_at, updated_at, icon, slug, title, category_id) VALUES (169, '2023-05-21 22:23:43', '2023-05-21 22:23:49', null, 'do-dung-phong-ngu-cho-be', 'Đồ dùng phòng ngủ cho bé', 15);
INSERT INTO ecommerce.sub_category (id, created_at, updated_at, icon, slug, title, category_id) VALUES (170, '2023-05-21 22:23:43', '2023-05-21 22:23:49', null, 'do-dung-phong-tam-cho-be', 'Đồ dùng phòng tắm cho bé', 15);
INSERT INTO ecommerce.sub_category (id, created_at, updated_at, icon, slug, title, category_id) VALUES (171, '2023-05-21 22:23:43', '2023-05-21 22:23:49', null, 'do-dung-cho-me-bau', 'Đồ dùng cho mẹ bầu', 15);
INSERT INTO ecommerce.sub_category (id, created_at, updated_at, icon, slug, title, category_id) VALUES (172, '2023-05-21 22:23:43', '2023-05-21 22:23:49', null, 'thoi-trang-gia-dinh', 'Thời trang gia đình', 15);
INSERT INTO ecommerce.sub_category (id, created_at, updated_at, icon, slug, title, category_id) VALUES (173, '2023-05-21 22:23:43', '2023-05-21 22:23:49', null, 'quan-ao-so-sinh', 'Quần áo sơ sinh', 16);
INSERT INTO ecommerce.sub_category (id, created_at, updated_at, icon, slug, title, category_id) VALUES (174, '2023-05-21 22:23:43', '2023-05-21 22:23:49', null, 'be-gai-1-4-tuoi', 'Bé gái 1-4 tuổi', 16);
INSERT INTO ecommerce.sub_category (id, created_at, updated_at, icon, slug, title, category_id) VALUES (175, '2023-05-21 22:23:43', '2023-05-21 22:23:49', null, 'be-gai-5-14-tuoi', 'Bé gái 5-14 tuổi', 16);
INSERT INTO ecommerce.sub_category (id, created_at, updated_at, icon, slug, title, category_id) VALUES (176, '2023-05-21 22:23:43', '2023-05-21 22:23:49', null, 'be-trai-1-4-tuoi', 'Bé trai 1-4 tuổi', 16);
INSERT INTO ecommerce.sub_category (id, created_at, updated_at, icon, slug, title, category_id) VALUES (177, '2023-05-21 22:23:43', '2023-05-21 22:23:49', null, 'be-trai-5-14-tuoi', 'Bé trai 5-14 tuổi', 16);
INSERT INTO ecommerce.sub_category (id, created_at, updated_at, icon, slug, title, category_id) VALUES (178, '2023-05-21 22:23:43', '2023-05-21 22:23:49', null, 'giay-dep-be-gai', 'Giày dép bé gái', 16);
INSERT INTO ecommerce.sub_category (id, created_at, updated_at, icon, slug, title, category_id) VALUES (179, '2023-05-21 22:23:43', '2023-05-21 22:23:49', null, 'giay-dep-be-trai', 'Giày dép bé trai', 16);
INSERT INTO ecommerce.sub_category (id, created_at, updated_at, icon, slug, title, category_id) VALUES (180, '2023-05-21 22:23:43', '2023-05-21 22:23:49', null, 'phu-kien-thoi-trang-tre-em', 'Phụ kiện thời trang trẻ em', 16);
INSERT INTO ecommerce.sub_category (id, created_at, updated_at, icon, slug, title, category_id) VALUES (181, '2023-05-21 22:23:43', '2023-05-21 22:23:49', null, 'giat-giu-cham-soc-nha-cua', 'Giặt giũ & chăm sóc nhà cửa', 17);
INSERT INTO ecommerce.sub_category (id, created_at, updated_at, icon, slug, title, category_id) VALUES (182, '2023-05-21 22:23:43', '2023-05-21 22:23:49', null, 'cac-loai-thuc-pham-kho', 'Các loại thực phẩm khô', 17);
INSERT INTO ecommerce.sub_category (id, created_at, updated_at, icon, slug, title, category_id) VALUES (183, '2023-05-21 22:23:43', '2023-05-21 22:23:49', null, 'do-uong', 'Đồ uống', 17);
INSERT INTO ecommerce.sub_category (id, created_at, updated_at, icon, slug, title, category_id) VALUES (184, '2023-05-21 22:23:43', '2023-05-21 22:23:49', null, 'banh-mut', 'Bánh, mứt', 17);
INSERT INTO ecommerce.sub_category (id, created_at, updated_at, icon, slug, title, category_id) VALUES (185, '2023-05-21 22:23:43', '2023-05-21 22:23:49', null, 'gia-vi', 'Gia vị', 17);
INSERT INTO ecommerce.sub_category (id, created_at, updated_at, icon, slug, title, category_id) VALUES (186, '2023-05-21 22:23:43', '2023-05-21 22:23:49', null, 'thuc-pham-bo-duong', 'Thực phẩm bổ dưỡng', 17);
INSERT INTO ecommerce.sub_category (id, created_at, updated_at, icon, slug, title, category_id) VALUES (187, '2023-05-21 22:23:43', '2023-05-21 22:23:49', null, 'keo', 'Kẹo', 17);
INSERT INTO ecommerce.sub_category (id, created_at, updated_at, icon, slug, title, category_id) VALUES (188, '2023-05-21 22:23:43', '2023-05-21 22:23:49', null, 'sua-va-thuc-pham-tu-sua', 'Sữa và thực phẩm từ sữa', 17);
INSERT INTO ecommerce.sub_category (id, created_at, updated_at, icon, slug, title, category_id) VALUES (189, '2023-05-21 22:23:43', '2023-05-21 22:23:49', null, 'nguyen-lieu', 'Nguyên liệu', 17);
INSERT INTO ecommerce.sub_category (id, created_at, updated_at, icon, slug, title, category_id) VALUES (190, '2023-05-21 22:23:43', '2023-05-21 22:23:49', null, 'thuc-pham-dong-hop', 'Thực phẩm đóng hộp', 17);
INSERT INTO ecommerce.sub_category (id, created_at, updated_at, icon, slug, title, category_id) VALUES (191, '2023-05-21 22:23:43', '2023-05-21 22:23:49', null, 've-sinh-ca-nhan', 'Vệ sinh cá nhân', 17);
INSERT INTO ecommerce.sub_category (id, created_at, updated_at, icon, slug, title, category_id) VALUES (192, '2023-05-21 22:23:43', '2023-05-21 22:23:49', null, 'thuc-pham-chay', 'Thực phẩm chay', 17);
INSERT INTO ecommerce.sub_category (id, created_at, updated_at, icon, slug, title, category_id) VALUES (193, '2023-05-21 22:23:43', '2023-05-21 22:23:49', null, 'qua-tang-bach-hoa-theo-mua', 'Quà tặng bách hóa theo mùa', 17);
INSERT INTO ecommerce.sub_category (id, created_at, updated_at, icon, slug, title, category_id) VALUES (194, '2023-05-21 22:23:43', '2023-05-21 22:23:49', null, 'bach-hoa-tong-hop-khac', 'Bách hóa tổng hợp khác', 17);
INSERT INTO ecommerce.sub_category (id, created_at, updated_at, icon, slug, title, category_id) VALUES (195, '2023-05-21 22:23:43', '2023-05-21 22:23:49', null, 'rau-cu-qua', 'Rau - củ - quả', 18);
INSERT INTO ecommerce.sub_category (id, created_at, updated_at, icon, slug, title, category_id) VALUES (196, '2023-05-21 22:23:43', '2023-05-21 22:23:49', null, 'cac-loai-mam', 'Các Loại Mắm', 18);
INSERT INTO ecommerce.sub_category (id, created_at, updated_at, icon, slug, title, category_id) VALUES (197, '2023-05-21 22:23:43', '2023-05-21 22:23:49', null, 'thuc-pham-dong-lanh', 'Thực phẩm đông lạnh', 18);
INSERT INTO ecommerce.sub_category (id, created_at, updated_at, icon, slug, title, category_id) VALUES (198, '2023-05-21 22:23:43', '2023-05-21 22:23:49', null, 'thuy-hai-san', 'Thủy hải sản', 18);
INSERT INTO ecommerce.sub_category (id, created_at, updated_at, icon, slug, title, category_id) VALUES (199, '2023-05-21 22:23:43', '2023-05-21 22:23:49', null, 'thit-trung', 'Thịt - Trứng', 18);
INSERT INTO ecommerce.sub_category (id, created_at, updated_at, icon, slug, title, category_id) VALUES (200, '2023-05-21 22:23:43', '2023-05-21 22:23:49', null, 'quat', 'Quạt', 19);
INSERT INTO ecommerce.sub_category (id, created_at, updated_at, icon, slug, title, category_id) VALUES (201, '2023-05-21 22:23:43', '2023-05-21 22:23:49', null, 'may-xay-may-ep', 'Máy xay, máy ép', 19);
INSERT INTO ecommerce.sub_category (id, created_at, updated_at, icon, slug, title, category_id) VALUES (202, '2023-05-21 22:23:43', '2023-05-21 22:23:49', null, 'noi-dien-noi-com-dien', 'Nồi điện, nồi cơm điện', 19);
INSERT INTO ecommerce.sub_category (id, created_at, updated_at, icon, slug, title, category_id) VALUES (203, '2023-05-21 22:23:43', '2023-05-21 22:23:49', null, 'thiet-bi-dien-nha-bep', 'Thiết bị điện nhà bếp', 19);
INSERT INTO ecommerce.sub_category (id, created_at, updated_at, icon, slug, title, category_id) VALUES (204, '2023-05-21 22:23:43', '2023-05-21 22:23:49', null, 'thiet-bi-cham-soc-quan-ao', 'Thiết bị chăm sóc quần áo', 19);
INSERT INTO ecommerce.sub_category (id, created_at, updated_at, icon, slug, title, category_id) VALUES (205, '2023-05-21 22:23:43', '2023-05-21 22:23:49', null, 'bep-dien-am-dun', 'Bếp điện, ấm đun', 19);
INSERT INTO ecommerce.sub_category (id, created_at, updated_at, icon, slug, title, category_id) VALUES (206, '2023-05-21 22:23:43', '2023-05-21 22:23:49', null, 'may-loc-dieu-hoa-khong-khi', 'Máy lọc, điều hòa không khí', 19);
INSERT INTO ecommerce.sub_category (id, created_at, updated_at, icon, slug, title, category_id) VALUES (207, '2023-05-21 22:23:43', '2023-05-21 22:23:49', null, 'may-hut-bui', 'Máy hút bụi', 19);
INSERT INTO ecommerce.sub_category (id, created_at, updated_at, icon, slug, title, category_id) VALUES (208, '2023-05-21 22:23:43', '2023-05-21 22:23:49', null, 'lo-nuong-bep-nuong', 'Lò nướng, bếp nướng', 19);
INSERT INTO ecommerce.sub_category (id, created_at, updated_at, icon, slug, title, category_id) VALUES (209, '2023-05-21 22:23:43', '2023-05-21 22:23:49', null, 'thiet-bi-dien-cho-nha-hang-quan-cafe', 'Thiết bị điện cho nhà hàng, quán cafe', 19);
INSERT INTO ecommerce.sub_category (id, created_at, updated_at, icon, slug, title, category_id) VALUES (210, '2023-05-21 22:23:43', '2023-05-21 22:23:49', null, 'may-nuoc-nong', 'Máy nước nóng', 19);
INSERT INTO ecommerce.sub_category (id, created_at, updated_at, icon, slug, title, category_id) VALUES (211, '2023-05-21 22:23:43', '2023-05-21 22:23:49', null, 'dien-thoai-moi', 'Điện thoại mới', 20);
INSERT INTO ecommerce.sub_category (id, created_at, updated_at, icon, slug, title, category_id) VALUES (212, '2023-05-21 22:23:43', '2023-05-21 22:23:49', null, 'may-tinh-bang-moi', 'Máy tính bảng mới', 20);
INSERT INTO ecommerce.sub_category (id, created_at, updated_at, icon, slug, title, category_id) VALUES (213, '2023-05-21 22:23:43', '2023-05-21 22:23:49', null, 'dien-thoai-cu', 'Điện thoại cũ', 20);
INSERT INTO ecommerce.sub_category (id, created_at, updated_at, icon, slug, title, category_id) VALUES (214, '2023-05-21 22:23:43', '2023-05-21 22:23:49', null, 'may-tinh-bang-cu', 'Máy tính bảng cũ', 20);
INSERT INTO ecommerce.sub_category (id, created_at, updated_at, icon, slug, title, category_id) VALUES (215, '2023-05-21 22:23:43', '2023-05-21 22:23:49', null, 'tivi', 'Tivi', 21);
INSERT INTO ecommerce.sub_category (id, created_at, updated_at, icon, slug, title, category_id) VALUES (216, '2023-05-21 22:23:43', '2023-05-21 22:23:49', null, 'phu-kien-tivi', 'Phụ kiện tivi', 21);
INSERT INTO ecommerce.sub_category (id, created_at, updated_at, icon, slug, title, category_id) VALUES (217, '2023-05-21 22:23:43', '2023-05-21 22:23:49', null, 'thiet-bi-choi-game', 'Thiết bị chơi game', 21);
INSERT INTO ecommerce.sub_category (id, created_at, updated_at, icon, slug, title, category_id) VALUES (218, '2023-05-21 22:23:43', '2023-05-21 22:23:49', null, 'may-quay-thiet-bi-ghi-hinh', 'Máy quay, thiết bị ghi hình', 22);
INSERT INTO ecommerce.sub_category (id, created_at, updated_at, icon, slug, title, category_id) VALUES (219, '2023-05-21 22:23:43', '2023-05-21 22:23:49', null, 'may-anh', 'Máy ảnh', 22);
INSERT INTO ecommerce.sub_category (id, created_at, updated_at, icon, slug, title, category_id) VALUES (220, '2023-05-21 22:23:43', '2023-05-21 22:23:49', null, 'ong-kinh', 'Ống kính', 22);
INSERT INTO ecommerce.sub_category (id, created_at, updated_at, icon, slug, title, category_id) VALUES (221, '2023-05-21 22:23:43', '2023-05-21 22:23:49', null, 'phu-kien-may-anh-may-quay', 'Phụ kiện máy ảnh, máy quay', 22);
INSERT INTO ecommerce.sub_category (id, created_at, updated_at, icon, slug, title, category_id) VALUES (222, '2023-05-21 22:23:43', '2023-05-21 22:23:49', null, 'may-anh-may-quay-phim-khac', 'Máy ảnh - Máy quay phim khác', 22);
INSERT INTO ecommerce.sub_category (id, created_at, updated_at, icon, slug, title, category_id) VALUES (223, '2023-05-21 22:23:43', '2023-05-21 22:23:49', null, 'loa', 'Loa', 23);
INSERT INTO ecommerce.sub_category (id, created_at, updated_at, icon, slug, title, category_id) VALUES (224, '2023-05-21 22:23:43', '2023-05-21 22:23:49', null, 'tai-nghe', 'Tai nghe', 23);
INSERT INTO ecommerce.sub_category (id, created_at, updated_at, icon, slug, title, category_id) VALUES (225, '2023-05-21 22:23:43', '2023-05-21 22:23:49', null, 'he-thong-giai-tri-karaoke', 'Hệ thống giải trí, karaoke', 23);
INSERT INTO ecommerce.sub_category (id, created_at, updated_at, icon, slug, title, category_id) VALUES (226, '2023-05-21 22:23:43', '2023-05-21 22:23:49', null, 'linh-kien-va-phu-kien-am-thanh', 'Linh kiện và phụ kiện âm thanh', 23);
INSERT INTO ecommerce.sub_category (id, created_at, updated_at, icon, slug, title, category_id) VALUES (227, '2023-05-21 22:23:43', '2023-05-21 22:23:49', null, 'thiet-bi-am-thanh-khac', 'Thiết bị âm thanh khác', 23);
INSERT INTO ecommerce.sub_category (id, created_at, updated_at, icon, slug, title, category_id) VALUES (228, '2023-05-21 22:23:43', '2023-05-21 22:23:49', null, 'dung-cu-thiet-bi-tap-the-duc', 'Dụng cụ, thiết bị tập thể dục', 24);
INSERT INTO ecommerce.sub_category (id, created_at, updated_at, icon, slug, title, category_id) VALUES (229, '2023-05-21 22:23:43', '2023-05-21 22:23:49', null, 'ho-tro-an-toan', 'Hỗ trợ an toàn', 24);
INSERT INTO ecommerce.sub_category (id, created_at, updated_at, icon, slug, title, category_id) VALUES (230, '2023-05-21 22:23:43', '2023-05-21 22:23:49', null, 'xe-dap', 'Xe đạp', 24);
INSERT INTO ecommerce.sub_category (id, created_at, updated_at, icon, slug, title, category_id) VALUES (231, '2023-05-21 22:23:43', '2023-05-21 22:23:49', null, 'phu-kien-xe-dap', 'Phụ kiện xe đạp', 24);
INSERT INTO ecommerce.sub_category (id, created_at, updated_at, icon, slug, title, category_id) VALUES (232, '2023-05-21 22:23:43', '2023-05-21 22:23:49', null, 'phu-tung-xe-dap', 'Phụ tùng xe đạp', 24);
INSERT INTO ecommerce.sub_category (id, created_at, updated_at, icon, slug, title, category_id) VALUES (233, '2023-05-21 22:23:43', '2023-05-21 22:23:49', null, 'boi-loi-lan', 'Bơi lội, lặn', 24);
INSERT INTO ecommerce.sub_category (id, created_at, updated_at, icon, slug, title, category_id) VALUES (234, '2023-05-21 22:23:43', '2023-05-21 22:23:49', null, 'tennis', 'Tennis', 24);
INSERT INTO ecommerce.sub_category (id, created_at, updated_at, icon, slug, title, category_id) VALUES (235, '2023-05-21 22:23:43', '2023-05-21 22:23:49', null, 'cau-long', 'Cầu lông', 24);
INSERT INTO ecommerce.sub_category (id, created_at, updated_at, icon, slug, title, category_id) VALUES (236, '2023-05-21 22:23:43', '2023-05-21 22:23:49', null, 'bong-ban', 'Bóng bàn', 24);
INSERT INTO ecommerce.sub_category (id, created_at, updated_at, icon, slug, title, category_id) VALUES (237, '2023-05-21 22:23:43', '2023-05-21 22:23:49', null, 'bong-da', 'Bóng đá', 24);
INSERT INTO ecommerce.sub_category (id, created_at, updated_at, icon, slug, title, category_id) VALUES (238, '2023-05-21 22:23:43', '2023-05-21 22:23:49', null, 'bong-chuyen', 'Bóng chuyền', 24);
INSERT INTO ecommerce.sub_category (id, created_at, updated_at, icon, slug, title, category_id) VALUES (239, '2023-05-21 22:23:43', '2023-05-21 22:23:49', null, 'bong-ro', 'Bóng rổ', 24);
INSERT INTO ecommerce.sub_category (id, created_at, updated_at, icon, slug, title, category_id) VALUES (240, '2023-05-21 22:23:43', '2023-05-21 22:23:49', null, 'da-ngoai-cam-trai', 'Dã ngoại, cắm trại', 24);
INSERT INTO ecommerce.sub_category (id, created_at, updated_at, icon, slug, title, category_id) VALUES (241, '2023-05-21 22:23:43', '2023-05-21 22:23:49', null, 'leo-nui', 'Leo núi', 24);
INSERT INTO ecommerce.sub_category (id, created_at, updated_at, icon, slug, title, category_id) VALUES (242, '2023-05-21 22:23:43', '2023-05-21 22:23:49', null, 'cau-ca', 'Câu cá', 24);
INSERT INTO ecommerce.sub_category (id, created_at, updated_at, icon, slug, title, category_id) VALUES (243, '2023-05-21 22:23:43', '2023-05-21 22:23:49', null, 'yoga-vo-thuat-dam-boc', 'Yoga, võ thuật, đấm bốc', 24);
INSERT INTO ecommerce.sub_category (id, created_at, updated_at, icon, slug, title, category_id) VALUES (244, '2023-05-21 22:23:43', '2023-05-21 22:23:49', null, 'chay-bo', 'Chạy bộ', 24);
INSERT INTO ecommerce.sub_category (id, created_at, updated_at, icon, slug, title, category_id) VALUES (245, '2023-05-21 22:23:43', '2023-05-21 22:23:49', null, 'golf', 'Golf', 24);
INSERT INTO ecommerce.sub_category (id, created_at, updated_at, icon, slug, title, category_id) VALUES (246, '2023-05-21 22:23:43', '2023-05-21 22:23:49', null, 'cac-mon-the-thao-khac', 'Các môn thể thao khác', 24);
INSERT INTO ecommerce.sub_category (id, created_at, updated_at, icon, slug, title, category_id) VALUES (247, '2023-05-21 22:23:43', '2023-05-21 22:23:49', null, 'nhac-cu', 'Nhạc cụ', 24);
INSERT INTO ecommerce.sub_category (id, created_at, updated_at, icon, slug, title, category_id) VALUES (248, '2023-05-21 22:23:43', '2023-05-21 22:23:49', null, 'van-phong-pham', 'Văn Phòng Phẩm', 25);
INSERT INTO ecommerce.sub_category (id, created_at, updated_at, icon, slug, title, category_id) VALUES (249, '2023-05-21 22:23:43', '2023-05-21 22:23:49', null, 'dung-cu-my-thuat', 'Dụng cụ mỹ thuật', 25);
INSERT INTO ecommerce.sub_category (id, created_at, updated_at, icon, slug, title, category_id) VALUES (250, '2023-05-21 22:23:43', '2023-05-21 22:23:49', null, 'sach-ngoai-ngu-tu-dien', 'Sách Ngoại ngữ - Từ điển', 25);
INSERT INTO ecommerce.sub_category (id, created_at, updated_at, icon, slug, title, category_id) VALUES (251, '2023-05-21 22:23:43', '2023-05-21 22:23:49', null, 'sach-thuong-thuc-doi-song', 'Sách thường thức - đời sống', 25);
INSERT INTO ecommerce.sub_category (id, created_at, updated_at, icon, slug, title, category_id) VALUES (252, '2023-05-21 22:23:43', '2023-05-21 22:23:49', null, 'sach-van-hoc-tieu-thuyet', 'Sách Văn học - Tiểu thuyết', 25);
INSERT INTO ecommerce.sub_category (id, created_at, updated_at, icon, slug, title, category_id) VALUES (253, '2023-05-21 22:23:43', '2023-05-21 22:23:49', null, 'sach-thieu-nhi', 'Sách thiếu nhi', 25);
INSERT INTO ecommerce.sub_category (id, created_at, updated_at, icon, slug, title, category_id) VALUES (254, '2023-05-21 22:23:43', '2023-05-21 22:23:49', null, 'sach-kinh-te', 'Sách Kinh tế', 25);
INSERT INTO ecommerce.sub_category (id, created_at, updated_at, icon, slug, title, category_id) VALUES (255, '2023-05-21 22:23:43', '2023-05-21 22:23:49', null, 'sach-giao-khoa-tham-khao', 'Sách Giáo khoa - Tham khảo', 25);
INSERT INTO ecommerce.sub_category (id, created_at, updated_at, icon, slug, title, category_id) VALUES (256, '2023-05-21 22:23:43', '2023-05-21 22:23:49', null, 'sach-chuyen-nganh', 'Sách chuyên ngành', 25);
INSERT INTO ecommerce.sub_category (id, created_at, updated_at, icon, slug, title, category_id) VALUES (257, '2023-05-21 22:23:43', '2023-05-21 22:23:49', null, 'sach-van-hoa-du-lich', 'Sách Văn hóa - Du lịch', 25);
INSERT INTO ecommerce.sub_category (id, created_at, updated_at, icon, slug, title, category_id) VALUES (258, '2023-05-21 22:23:43', '2023-05-21 22:23:49', null, 'sach-cu', 'Sách cũ', 25);
INSERT INTO ecommerce.sub_category (id, created_at, updated_at, icon, slug, title, category_id) VALUES (259, '2023-05-21 22:23:43', '2023-05-21 22:23:49', null, 'tuong-phat', 'Tượng Phật', 26);
INSERT INTO ecommerce.sub_category (id, created_at, updated_at, icon, slug, title, category_id) VALUES (260, '2023-05-21 22:23:43', '2023-05-21 22:23:49', null, 'linh-vat-phong-thuy', 'Linh vật phong thủy', 26);
INSERT INTO ecommerce.sub_category (id, created_at, updated_at, icon, slug, title, category_id) VALUES (261, '2023-05-21 22:23:43', '2023-05-21 22:23:49', null, 'da-phong-thuy', 'Đá phong thủy', 26);
INSERT INTO ecommerce.sub_category (id, created_at, updated_at, icon, slug, title, category_id) VALUES (262, '2023-05-21 22:23:43', '2023-05-21 22:23:49', null, 'tranh-phong-thuy', 'Tranh phong thủy', 26);
INSERT INTO ecommerce.sub_category (id, created_at, updated_at, icon, slug, title, category_id) VALUES (263, '2023-05-21 22:23:43', '2023-05-21 22:23:49', null, 'phong-thuy-trang-tri', 'Phong thủy trang trí', 26);
INSERT INTO ecommerce.sub_category (id, created_at, updated_at, icon, slug, title, category_id) VALUES (264, '2023-05-21 22:23:43', '2023-05-21 22:23:49', null, 'do-tho-cung', 'Đồ thờ cúng', 26);
INSERT INTO ecommerce.sub_category (id, created_at, updated_at, icon, slug, title, category_id) VALUES (265, '2023-05-21 22:23:43', '2023-05-21 22:23:49', null, 'trang-suc-phong-thuy', 'Trang sức phong thủy', 26);
INSERT INTO ecommerce.sub_category (id, created_at, updated_at, icon, slug, title, category_id) VALUES (266, '2023-05-21 22:23:43', '2023-05-21 22:23:49', null, 'cham-soc-cho-meo', 'Chăm sóc chó, mèo', 27);
INSERT INTO ecommerce.sub_category (id, created_at, updated_at, icon, slug, title, category_id) VALUES (267, '2023-05-21 22:23:43', '2023-05-21 22:23:49', null, 'cham-soc-ca-be-thuy-sinh', 'Chăm sóc cá & bể thủy sinh', 27);
INSERT INTO ecommerce.sub_category (id, created_at, updated_at, icon, slug, title, category_id) VALUES (268, '2023-05-21 22:23:43', '2023-05-21 22:23:49', null, 'cham-soc-chim', 'Chăm sóc chim', 27);
INSERT INTO ecommerce.sub_category (id, created_at, updated_at, icon, slug, title, category_id) VALUES (269, '2023-05-21 22:23:43', '2023-05-21 22:23:49', null, 'cham-soc-thu-cung-khac', 'Chăm sóc thú cưng khác', 27);
INSERT INTO ecommerce.sub_category (id, created_at, updated_at, icon, slug, title, category_id) VALUES (270, '2023-05-21 22:23:43', '2023-05-21 22:23:49', null, 'vong-lac-tay', 'Vòng, lắc tay', 28);
INSERT INTO ecommerce.sub_category (id, created_at, updated_at, icon, slug, title, category_id) VALUES (271, '2023-05-21 22:23:43', '2023-05-21 22:23:49', null, 'day-chuyen-vong-co', 'Dây chuyền, vòng cổ', 28);
INSERT INTO ecommerce.sub_category (id, created_at, updated_at, icon, slug, title, category_id) VALUES (272, '2023-05-21 22:23:43', '2023-05-21 22:23:49', null, 'bong-tai-khuyen-tai', 'Bông tai, khuyên tai', 28);
INSERT INTO ecommerce.sub_category (id, created_at, updated_at, icon, slug, title, category_id) VALUES (273, '2023-05-21 22:23:43', '2023-05-21 22:23:49', null, 'nhan', 'Nhẫn', 28);
INSERT INTO ecommerce.sub_category (id, created_at, updated_at, icon, slug, title, category_id) VALUES (274, '2023-05-21 22:23:43', '2023-05-21 22:23:49', null, 'set-bo-trang-suc', 'Set bộ trang sức', 28);
INSERT INTO ecommerce.sub_category (id, created_at, updated_at, icon, slug, title, category_id) VALUES (275, '2023-05-21 22:23:43', '2023-05-21 22:23:49', null, 'trang-suc-co-the', 'Trang sức cơ thể', 28);
INSERT INTO ecommerce.sub_category (id, created_at, updated_at, icon, slug, title, category_id) VALUES (276, '2023-05-21 22:23:43', '2023-05-21 22:23:49', null, 'trang-suc-cap-doi', 'Trang sức cặp đôi', 28);
INSERT INTO ecommerce.sub_category (id, created_at, updated_at, icon, slug, title, category_id) VALUES (277, '2023-05-21 22:23:43', '2023-05-21 22:23:49', null, 'trang-suc-cho-be', 'Trang sức cho bé', 28);
INSERT INTO ecommerce.sub_category (id, created_at, updated_at, icon, slug, title, category_id) VALUES (278, '2023-05-21 22:23:43', '2023-05-21 22:23:49', null, 'charm', 'Charm', 28);
INSERT INTO ecommerce.sub_category (id, created_at, updated_at, icon, slug, title, category_id) VALUES (279, '2023-05-21 22:23:43', '2023-05-21 22:23:49', null, 'ke-treo-hop-dung-trang-suc', 'Kệ treo, hộp đựng trang sức', 28);
INSERT INTO ecommerce.sub_category (id, created_at, updated_at, icon, slug, title, category_id) VALUES (280, '2023-05-21 22:23:43', '2023-05-21 22:23:49', null, 'nguyen-lieu-dung-cu-lam-trang-suc', 'Nguyên liệu & dụng cụ làm trang sức', 28);
INSERT INTO ecommerce.sub_category (id, created_at, updated_at, icon, slug, title, category_id) VALUES (281, '2023-05-21 22:23:43', '2023-05-21 22:23:49', null, 'trang-suc-vang-nu', 'Trang sức vàng nữ', 28);
INSERT INTO ecommerce.sub_category (id, created_at, updated_at, icon, slug, title, category_id) VALUES (282, '2023-05-21 22:23:43', '2023-05-21 22:23:49', null, 'trang-suc-vang-nam', 'Trang sức vàng nam', 28);
INSERT INTO ecommerce.sub_category (id, created_at, updated_at, icon, slug, title, category_id) VALUES (283, '2023-05-21 22:23:43', '2023-05-21 22:23:49', null, 'trang-suc-vang-khac', 'Trang sức vàng khác', 28);
INSERT INTO ecommerce.sub_category (id, created_at, updated_at, icon, slug, title, category_id) VALUES (284, '2023-05-21 22:23:43', '2023-05-21 22:23:49', null, 'tu-lanh-tu-dong-tu-mat', 'Tủ lạnh, tủ đông, tủ mát', 29);
INSERT INTO ecommerce.sub_category (id, created_at, updated_at, icon, slug, title, category_id) VALUES (285, '2023-05-21 22:23:43', '2023-05-21 22:23:49', null, 'may-lanh-may-dieu-hoa', 'Máy lạnh, máy điều hòa', 29);
INSERT INTO ecommerce.sub_category (id, created_at, updated_at, icon, slug, title, category_id) VALUES (286, '2023-05-21 22:23:43', '2023-05-21 22:23:49', null, 'may-giat-may-say', 'Máy giặt, máy sấy', 29);
INSERT INTO ecommerce.sub_category (id, created_at, updated_at, icon, slug, title, category_id) VALUES (287, '2023-05-21 22:23:43', '2023-05-21 22:23:49', null, 'dien-gia-dung-lon', 'Điện gia dụng lớn', 29);
INSERT INTO ecommerce.sub_category (id, created_at, updated_at, icon, slug, title, category_id) VALUES (288, '2023-05-21 22:23:43', '2023-05-21 22:23:49', null, 'do-choi-dieu-khien-tu-xa', 'Đồ chơi điều khiển từ xa', 30);
INSERT INTO ecommerce.sub_category (id, created_at, updated_at, icon, slug, title, category_id) VALUES (289, '2023-05-21 22:23:43', '2023-05-21 22:23:49', null, 'hoa-trang-cosplay', 'Hóa trang, cosplay', 30);
INSERT INTO ecommerce.sub_category (id, created_at, updated_at, icon, slug, title, category_id) VALUES (290, '2023-05-21 22:23:43', '2023-05-21 22:23:49', null, 'tro-choi', 'Trò chơi', 30);
INSERT INTO ecommerce.sub_category (id, created_at, updated_at, icon, slug, title, category_id) VALUES (291, '2023-05-21 22:23:43', '2023-05-21 22:23:49', null, 'do-choi-van-dong-cho-be', 'Đồ chơi vận động cho bé', 30);
INSERT INTO ecommerce.sub_category (id, created_at, updated_at, icon, slug, title, category_id) VALUES (292, '2023-05-21 22:23:43', '2023-05-21 22:23:49', null, 'do-choi-phat-trien-tri-tue', 'Đồ chơi phát triển trí tuệ', 30);
INSERT INTO ecommerce.sub_category (id, created_at, updated_at, icon, slug, title, category_id) VALUES (293, '2023-05-21 22:23:43', '2023-05-21 22:23:49', null, 'bup-be-thu-bong', 'Búp bê, thú bông', 30);
INSERT INTO ecommerce.sub_category (id, created_at, updated_at, icon, slug, title, category_id) VALUES (294, '2023-05-21 22:23:43', '2023-05-21 22:23:49', null, 'mo-hinh-do-choi', 'Mô hình đồ chơi', 30);
INSERT INTO ecommerce.sub_category (id, created_at, updated_at, icon, slug, title, category_id) VALUES (295, '2023-05-21 22:23:43', '2023-05-21 22:23:49', null, 'do-choi-cho-be-duoi-18-thang', 'Đồ chơi cho bé dưới 18 tháng', 30);
INSERT INTO ecommerce.sub_category (id, created_at, updated_at, icon, slug, title, category_id) VALUES (296, '2023-05-21 22:23:43', '2023-05-21 22:23:49', null, 'do-choi-do-hang', 'Đồ chơi đồ hàng', 30);
INSERT INTO ecommerce.sub_category (id, created_at, updated_at, icon, slug, title, category_id) VALUES (297, '2023-05-21 22:23:43', '2023-05-21 22:23:49', null, 'do-choi-khac', 'Đồ chơi khác', 30);
INSERT INTO ecommerce.sub_category (id, created_at, updated_at, icon, slug, title, category_id) VALUES (298, '2023-05-21 22:23:43', '2023-05-21 22:23:49', null, 'laptop-moi', 'Laptop mới', 31);
INSERT INTO ecommerce.sub_category (id, created_at, updated_at, icon, slug, title, category_id) VALUES (299, '2023-05-21 22:23:43', '2023-05-21 22:23:49', null, 'phu-kien-may-tinh-laptop', 'Phụ kiện máy tính, laptop', 31);
INSERT INTO ecommerce.sub_category (id, created_at, updated_at, icon, slug, title, category_id) VALUES (300, '2023-05-21 22:23:43', '2023-05-21 22:23:49', null, 'chuot-ban-phim', 'Chuột, bàn phím', 31);
INSERT INTO ecommerce.sub_category (id, created_at, updated_at, icon, slug, title, category_id) VALUES (301, '2023-05-21 22:23:43', '2023-05-21 22:23:49', null, 'linh-kien-may-tinh-laptop', 'Linh kiện máy tính, laptop', 31);
INSERT INTO ecommerce.sub_category (id, created_at, updated_at, icon, slug, title, category_id) VALUES (302, '2023-05-21 22:23:43', '2023-05-21 22:23:49', null, 'may-tinh-de-ban', 'Máy tính để bàn', 31);
INSERT INTO ecommerce.sub_category (id, created_at, updated_at, icon, slug, title, category_id) VALUES (303, '2023-05-21 22:23:43', '2023-05-21 22:23:49', null, 'laptop-cu', 'Laptop cũ', 31);
INSERT INTO ecommerce.sub_category (id, created_at, updated_at, icon, slug, title, category_id) VALUES (304, '2023-05-21 22:23:43', '2023-05-21 22:23:49', null, 'may-chieu-va-phu-kien', 'Máy chiếu và phụ kiện', 31);
INSERT INTO ecommerce.sub_category (id, created_at, updated_at, icon, slug, title, category_id) VALUES (305, '2023-05-21 22:23:43', '2023-05-21 22:23:49', null, 'may-in-phu-kien-may-in', 'Máy in & Phụ kiện máy in', 31);
INSERT INTO ecommerce.sub_category (id, created_at, updated_at, icon, slug, title, category_id) VALUES (306, '2023-05-21 22:23:43', '2023-05-21 22:23:49', null, 'phan-mem-may-tinh', 'Phần mềm máy tính', 31);
INSERT INTO ecommerce.sub_category (id, created_at, updated_at, icon, slug, title, category_id) VALUES (307, '2023-05-21 22:23:43', '2023-05-21 22:23:49', null, 'thiet-bi-van-phong-khac', 'Thiết bị văn phòng khác', 31);
INSERT INTO ecommerce.sub_category (id, created_at, updated_at, icon, slug, title, category_id) VALUES (308, '2023-05-21 22:23:43', '2023-05-21 22:23:49', null, 've-may-bay-depot', 'Vé máy bay Depot', 32);
INSERT INTO ecommerce.sub_category (id, created_at, updated_at, icon, slug, title, category_id) VALUES (309, '2023-05-21 22:23:43', '2023-05-21 22:23:49', null, 've-xe-depot', 'Vé xe Depot', 32);
INSERT INTO ecommerce.sub_category (id, created_at, updated_at, icon, slug, title, category_id) VALUES (310, '2023-05-21 22:23:43', '2023-05-21 22:23:49', null, 've-tau-depot', 'Vé tàu Depot', 32);
INSERT INTO ecommerce.sub_category (id, created_at, updated_at, icon, slug, title, category_id) VALUES (311, '2023-05-21 22:23:43', '2023-05-21 22:23:49', null, 'phuong-tien-di-chuyen-thue-xe', 'Phương tiện di chuyển - Thuê xe', 32);
INSERT INTO ecommerce.sub_category (id, created_at, updated_at, icon, slug, title, category_id) VALUES (312, '2023-05-21 22:23:43', '2023-05-21 22:23:49', null, 'tour-du-lich-trong-nuoc', 'Tour du lịch trong nước', 32);
INSERT INTO ecommerce.sub_category (id, created_at, updated_at, icon, slug, title, category_id) VALUES (313, '2023-05-21 22:23:43', '2023-05-21 22:23:49', null, 'combo-du-lich-trong-nuoc', 'Combo du lịch trong nước', 32);
INSERT INTO ecommerce.sub_category (id, created_at, updated_at, icon, slug, title, category_id) VALUES (314, '2023-05-21 22:23:43', '2023-05-21 22:23:49', null, 'dich-vu-du-lich-trong-nuoc', 'Dịch vụ du lịch trong nước', 32);
INSERT INTO ecommerce.sub_category (id, created_at, updated_at, icon, slug, title, category_id) VALUES (315, '2023-05-21 22:23:43', '2023-05-21 22:23:49', null, 'khach-san', 'Khách sạn', 32);
INSERT INTO ecommerce.sub_category (id, created_at, updated_at, icon, slug, title, category_id) VALUES (316, '2023-05-21 22:23:43', '2023-05-21 22:23:49', null, 'tour-tron-goi', 'Tour trọn gói', 32);
INSERT INTO ecommerce.sub_category (id, created_at, updated_at, icon, slug, title, category_id) VALUES (317, '2023-05-21 22:23:43', '2023-05-21 22:23:49', null, 'e-voucher-qua-tang', 'E-Voucher - Quà Tặng', 33);
INSERT INTO ecommerce.sub_category (id, created_at, updated_at, icon, slug, title, category_id) VALUES (318, '2023-05-21 22:23:43', '2023-05-21 22:23:49', null, 'nha-hang-am-thuc', 'Nhà hàng - Ẩm thực', 33);
INSERT INTO ecommerce.sub_category (id, created_at, updated_at, icon, slug, title, category_id) VALUES (319, '2023-05-21 22:23:43', '2023-05-21 22:23:49', null, 'khoa-hoc', 'Khóa học', 33);
INSERT INTO ecommerce.sub_category (id, created_at, updated_at, icon, slug, title, category_id) VALUES (320, '2023-05-21 22:23:43', '2023-05-21 22:23:49', null, 'giai-tri', 'Giải trí', 33);
INSERT INTO ecommerce.sub_category (id, created_at, updated_at, icon, slug, title, category_id) VALUES (321, '2023-05-21 22:23:43', '2023-05-21 22:23:49', null, 'ma-code-phan-mem', 'Mã code phần mềm', 33);
INSERT INTO ecommerce.sub_category (id, created_at, updated_at, icon, slug, title, category_id) VALUES (322, '2023-05-21 22:23:43', '2023-05-21 22:23:49', null, 'lam-dep-spa-gym', 'Làm đẹp - Spa - Gym', 33);
INSERT INTO ecommerce.sub_category (id, created_at, updated_at, icon, slug, title, category_id) VALUES (323, '2023-05-21 22:23:43', '2023-05-21 22:23:49', null, 'dich-vu-bao-hiem', 'Dịch vụ bảo hiểm', 33);
INSERT INTO ecommerce.sub_category (id, created_at, updated_at, icon, slug, title, category_id) VALUES (324, '2023-05-21 22:23:43', '2023-05-21 22:23:49', null, 'dich-vu-giup-viec-sua-chua', 'Dịch vụ giúp việc - Sửa chữa', 33);
INSERT INTO ecommerce.sub_category (id, created_at, updated_at, icon, slug, title, category_id) VALUES (325, '2023-05-21 22:23:43', '2023-05-21 22:23:49', null, 'dich-vu-qua-tang', 'Dịch vụ quà tặng', 33);


# ========================================== RETURN_POLICY ==========================================
insert into ecommerce.return_policy(id, title, tooltip_title, tooltip_content)
values (1, 'Miễn phí hoàn trả', 'Miễn phí hoàn trả',
        'Depot bảo vệ quyền lợi khách hàng hoàn trả sản phẩm miễn phí nếu lỗi của Shop (sản phẩm kém chất lượng, bị lỗi kỹ thuật, hư hỏng không sử dụng được, bể vỡ, không đúng mô tả, hoặc không đúng như đơn đặt hàng).'),
       (2, '48 giờ hoàn trả', 'Chính sách hoàn trả của Depot',
        'Trả hàng hoàn tiền trong vòng 48 giờ cho các sản phẩm bị lỗi kỹ thuật, bể vỡ, không đúng mô tả hoặc không đúng như đơn đặt hàng.'),
       (3, 'Bảo hành theo chính sách từ Nhà bán hàng', 'Bảo hành theo chính sách từ Nhà bán hàng',
        'Depot sẽ xử lý các khiếu nại phát sinh liên quan đến sản phẩm hư hỏng hoặc có lỗi từ nhà bán hàng. Về điều kiện bảo hành sản phẩm sẽ tuân thủ theo chính sách từ Nhà bán hàng.');

# ========================================== ROLE ==========================================
insert into ecommerce.role (id, type)
values (1, 'ROLE_USER'),
       (2, 'ROLE_SHOP'),
       (3, 'ROLE_ADMIN');

# ========================================== ADMIN_ACCOUNT ==========================================
insert into ecommerce.user(id, email, name, password, phone_number)
values (1, 'tthanhnhan1512@gmail.com', 'Trần Thanh Nhân','$2a$10$nC85ASrpuW/qaU06hsney.GW/2pvlw41dnIrJdBXdKILGnDK2FY7.', '0946286951');
insert ecommerce.user_role(user_id, role_id) values (1, 3);

# ========================================== ORDER_STATUS ==========================================
insert into ecommerce.orders_status (id, status, title, description, label_confirm, label_created_at)
values (1, 'PENDING', 'Đang đợi xác nhận',
        'Đơn hàng từ người mua đang đợi được xác nhân. Kiểm tra lại đơn hàng và nhấn nút "Xác nhận đơn hàng" để xác nhận.',
        'Xác nhận đơn hàng', 'Tạo đơn hàng'),
       (2, 'CONFIRMED', 'Đã xác nhận', 'Đơn hàng đã được xác nhận. Đóng gói đơn hàng và chuyển sang vận chuyển.',
        'Vận chuyển đơn hàng', 'Đã xác nhận'),
       (3, 'SHIPPING', 'Đang giao hàng',
        'Đơn hàng đang được vận chuyển. Hoàn tất giai đoạn giao hàng khi xác nhận người mua đã nhận được hàng.',
        'Giao hàng thành công', 'Bắt đầu giao hàng'),
       (4, 'COMPLETED', 'Đã hoàn thành', 'Người dùng đã nhận được hàng. Chọn để hoàn tất và kết thúc đơn hàng.',
        'Hoàn tất đơn hàng', 'Hoàn tất đơn hàng'),
       (5, 'CANCELLED', 'Đã hủy', 'Đơn hàng đã bị hủy', 'Hủy đơn hàng', 'Hủy đơn hàng');



